﻿<?xml version="1.0" encoding="utf-8" ?>
<c2eventsheet>
    <!--All the 'name' attributes are ignored by Construct 2 - they are there for readability only.-->
    <name>Event sheet Mapa</name>
    <events>
        <event-block sid="610432241271039">
            <conditions>
                <condition id="-2" name="On start of layout" sid="153013302345592" type="System" />
            </conditions>
            <actions>
                <action id="0" name="Set text" sid="116213497243984" type="Enter_Portal">
                    <param id="0" name="Text">&quot;Presiona enter para ingresar al nivel 1&quot;</param>
                </action>
            </actions>
            <sub-events>
                <event-block sid="306122550037116">
                    <conditions>
                        <condition id="3" name="For each element" sid="559176518921945" type="datosJugador">
                            <param id="0" name="Axes">2</param>
                        </condition>
                    </conditions>
                    <actions>
                        <action id="0" name="Set text" sid="314149558678102" type="pname">
                            <param id="0" name="Text">datosJugador.CurValue</param>
                        </action>
                    </actions>
                </event-block>
            </sub-events>
        </event-block>
        <event-block sid="382908989345515">
            <conditions>
                <condition id="-14" name="Compare variable" sid="143183615820789" type="System">
                    <param id="0" name="Variable">PElegido</param>
                    <param id="1" name="Comparison">0</param>
                    <param id="2" name="Value">0</param>
                </condition>
            </conditions>
            <actions>
                <action id="5" name="Set frame" sid="653008780969970" type="PlayerMap">
                    <param id="0" name="Frame number">0</param>
                </action>
            </actions>
        </event-block>
        <event-block sid="451972479927436">
            <conditions>
                <condition id="-14" name="Compare variable" sid="158331431945568" type="System">
                    <param id="0" name="Variable">PElegido</param>
                    <param id="1" name="Comparison">0</param>
                    <param id="2" name="Value">1</param>
                </condition>
            </conditions>
            <actions>
                <action id="5" name="Set frame" sid="332203223891966" type="PlayerMap">
                    <param id="0" name="Frame number">1</param>
                </action>
            </actions>
        </event-block>
        <event-block sid="954382502885622">
            <conditions>
                <condition id="-14" name="Compare variable" sid="989096400184346" type="System">
                    <param id="0" name="Variable">PElegido</param>
                    <param id="1" name="Comparison">0</param>
                    <param id="2" name="Value">2</param>
                </condition>
            </conditions>
            <actions>
                <action id="5" name="Set frame" sid="422223670479222" type="PlayerMap">
                    <param id="0" name="Frame number">3</param>
                </action>
            </actions>
        </event-block>
        <event-block sid="506353337133917">
            <conditions>
                <condition id="6" name="On object clicked" sid="137627771126184" type="Mouse">
                    <param id="0" name="Mouse button">0</param>
                    <param id="1" name="Click type">0</param>
                    <param id="2" name="Object clicked">portal1</param>
                </condition>
            </conditions>
            <actions>
                <action id="-1" name="Set X" sid="823581941032944" type="PlayerMap">
                    <param id="0" name="X">portal1.X</param>
                </action>
                <action id="4" name="Set animation" sid="436271388544616" type="portal1">
                    <param id="0" name="Animation">&quot;Animation2&quot;</param>
                    <param id="1" name="From">1</param>
                </action>
                <action id="4" name="Set animation" sid="243169667357996" type="portal2">
                    <param id="0" name="Animation">&quot;Default&quot;</param>
                    <param id="1" name="From">1</param>
                </action>
                <action id="4" name="Set animation" sid="843658599920875" type="portal3">
                    <param id="0" name="Animation">&quot;Default&quot;</param>
                    <param id="1" name="From">1</param>
                </action>
                <action id="4" name="Set animation" sid="647196748114496" type="portal4">
                    <param id="0" name="Animation">&quot;Default&quot;</param>
                    <param id="1" name="From">1</param>
                </action>
            </actions>
        </event-block>
        <event-block sid="543149748410751">
            <conditions>
                <condition id="0" name="On key pressed" sid="267382659699550" type="Keyboard">
                    <param id="0" name="Key">13 (Return)</param>
                </condition>
                <condition id="-1" name="Compare X" sid="108903618017984" type="PlayerMap">
                    <param id="0" name="Comparison">0</param>
                    <param id="1" name="X co-ordinate">portal1.X</param>
                </condition>
            </conditions>
            <actions>
                <action id="-2" name="Go to layout" sid="865741135275197" type="System">
                    <param id="0" name="Layout">lvl1</param>
                </action>
            </actions>
        </event-block>
        <event-block sid="923308900285837">
            <conditions>
                <condition id="6" name="On object clicked" sid="610678519708962" type="Mouse">
                    <param id="0" name="Mouse button">0</param>
                    <param id="1" name="Click type">0</param>
                    <param id="2" name="Object clicked">portal1</param>
                </condition>
            </conditions>
            <actions>
                <action id="-1" name="Set X" sid="403649595429904" type="PlayerMap">
                    <param id="0" name="X">portal1.X</param>
                </action>
                <action id="4" name="Set animation" sid="638076862045354" type="portal1">
                    <param id="0" name="Animation">&quot;Animation2&quot;</param>
                    <param id="1" name="From">1</param>
                </action>
                <action id="4" name="Set animation" sid="757968646641354" type="portal2">
                    <param id="0" name="Animation">&quot;Default&quot;</param>
                    <param id="1" name="From">1</param>
                </action>
                <action id="4" name="Set animation" sid="819127434605136" type="portal3">
                    <param id="0" name="Animation">&quot;Default&quot;</param>
                    <param id="1" name="From">1</param>
                </action>
                <action id="4" name="Set animation" sid="714514753012376" type="portal4">
                    <param id="0" name="Animation">&quot;Default&quot;</param>
                    <param id="1" name="From">1</param>
                </action>
            </actions>
        </event-block>
        <event-block sid="714747648635779">
            <conditions>
                <condition id="6" name="On object clicked" sid="195866984461587" type="Mouse">
                    <param id="0" name="Mouse button">0</param>
                    <param id="1" name="Click type">0</param>
                    <param id="2" name="Object clicked">portal2</param>
                </condition>
            </conditions>
            <actions>
                <action id="-1" name="Set X" sid="430295572203827" type="PlayerMap">
                    <param id="0" name="X">portal2.X</param>
                </action>
                <action id="4" name="Set animation" sid="138937394462913" type="portal1">
                    <param id="0" name="Animation">&quot;Default&quot;</param>
                    <param id="1" name="From">1</param>
                </action>
                <action id="4" name="Set animation" sid="942853889698366" type="portal2">
                    <param id="0" name="Animation">&quot;Animation2&quot;</param>
                    <param id="1" name="From">1</param>
                </action>
                <action id="4" name="Set animation" sid="589554721606019" type="portal3">
                    <param id="0" name="Animation">&quot;Default&quot;</param>
                    <param id="1" name="From">1</param>
                </action>
                <action id="4" name="Set animation" sid="566979708756608" type="portal4">
                    <param id="0" name="Animation">&quot;Default&quot;</param>
                    <param id="1" name="From">1</param>
                </action>
            </actions>
        </event-block>
        <event-block sid="950828762184883">
            <conditions>
                <condition id="6" name="On object clicked" sid="187542016999682" type="Mouse">
                    <param id="0" name="Mouse button">0</param>
                    <param id="1" name="Click type">0</param>
                    <param id="2" name="Object clicked">portal3</param>
                </condition>
            </conditions>
            <actions>
                <action id="-1" name="Set X" sid="942363342040534" type="PlayerMap">
                    <param id="0" name="X">portal3.X</param>
                </action>
                <action id="4" name="Set animation" sid="341633455033409" type="portal1">
                    <param id="0" name="Animation">&quot;Default&quot;</param>
                    <param id="1" name="From">1</param>
                </action>
                <action id="4" name="Set animation" sid="151236576873511" type="portal2">
                    <param id="0" name="Animation">&quot;Default&quot;</param>
                    <param id="1" name="From">1</param>
                </action>
                <action id="4" name="Set animation" sid="671142777622526" type="portal3">
                    <param id="0" name="Animation">&quot;Animation2&quot;</param>
                    <param id="1" name="From">1</param>
                </action>
                <action id="4" name="Set animation" sid="453489024670250" type="portal4">
                    <param id="0" name="Animation">&quot;Default&quot;</param>
                    <param id="1" name="From">1</param>
                </action>
            </actions>
        </event-block>
        <event-block sid="838897746176558">
            <conditions>
                <condition id="6" name="On object clicked" sid="127212139645511" type="Mouse">
                    <param id="0" name="Mouse button">0</param>
                    <param id="1" name="Click type">0</param>
                    <param id="2" name="Object clicked">portal4</param>
                </condition>
            </conditions>
            <actions>
                <action id="-1" name="Set X" sid="608874032545615" type="PlayerMap">
                    <param id="0" name="X">portal4.X</param>
                </action>
                <action id="4" name="Set animation" sid="876892079365084" type="portal1">
                    <param id="0" name="Animation">&quot;Default&quot;</param>
                    <param id="1" name="From">1</param>
                </action>
                <action id="4" name="Set animation" sid="632636211470401" type="portal2">
                    <param id="0" name="Animation">&quot;Default&quot;</param>
                    <param id="1" name="From">1</param>
                </action>
                <action id="4" name="Set animation" sid="909476614343271" type="portal3">
                    <param id="0" name="Animation">&quot;Default&quot;</param>
                    <param id="1" name="From">1</param>
                </action>
                <action id="4" name="Set animation" sid="948362776979770" type="portal4">
                    <param id="0" name="Animation">&quot;Animation2&quot;</param>
                    <param id="1" name="From">1</param>
                </action>
            </actions>
        </event-block>
        <event-block sid="356330232734838">
            <conditions>
                <condition id="0" name="On key pressed" sid="777150019604660" type="Keyboard">
                    <param id="0" name="Key">13 (Return)</param>
                </condition>
                <condition id="-1" name="Compare X" sid="203628280812383" type="PlayerMap">
                    <param id="0" name="Comparison">0</param>
                    <param id="1" name="X co-ordinate">portal2.X</param>
                </condition>
            </conditions>
            <actions>
                <action id="-2" name="Go to layout" sid="293377741512543" type="System">
                    <param id="0" name="Layout">lvl2</param>
                </action>
            </actions>
        </event-block>
        <event-block sid="400805289917116">
            <conditions>
                <condition id="0" name="On key pressed" sid="313561857947807" type="Keyboard">
                    <param id="0" name="Key">13 (Return)</param>
                </condition>
                <condition id="-1" name="Compare X" sid="315180368297861" type="PlayerMap">
                    <param id="0" name="Comparison">0</param>
                    <param id="1" name="X co-ordinate">portal3.X</param>
                </condition>
            </conditions>
            <actions>
                <action id="-2" name="Go to layout" sid="629017605088105" type="System">
                    <param id="0" name="Layout">lvl3</param>
                </action>
            </actions>
        </event-block>
        <event-block sid="963376087197680">
            <conditions>
                <condition id="0" name="On key pressed" sid="127016356985744" type="Keyboard">
                    <param id="0" name="Key">13 (Return)</param>
                </condition>
                <condition id="-1" name="Compare X" sid="800425154668452" type="PlayerMap">
                    <param id="0" name="Comparison">0</param>
                    <param id="1" name="X co-ordinate">portal4.X</param>
                </condition>
            </conditions>
            <actions>
                <action id="-2" name="Go to layout" sid="733155125342437" type="System">
                    <param id="0" name="Layout">lvl4</param>
                </action>
            </actions>
        </event-block>
        <event-block sid="262873462370327">
            <conditions>
                <condition id="6" name="On object clicked" sid="419685108093959" type="Mouse">
                    <param id="0" name="Mouse button">0</param>
                    <param id="1" name="Click type">0</param>
                    <param id="2" name="Object clicked">separador</param>
                </condition>
            </conditions>
            <actions>
                <action id="-2" name="Go to layout" sid="113484973546906" type="System">
                    <param id="0" name="Layout">Principal</param>
                </action>
            </actions>
        </event-block>
    </events>
</c2eventsheet>
