﻿<?xml version="1.0" encoding="utf-8" ?>
<c2eventsheet>
    <!--All the 'name' attributes are ignored by Construct 2 - they are there for readability only.-->
    <name>Event sheet Pantalla bienvenida</name>
    <events>
        <variable constant="0" name="PElegido" sid="520423625108346" static="0" type="number">0</variable>
        <variable constant="0" name="posicionCursor" sid="644275561285626" static="0" type="number">0</variable>
        <event-block sid="846067814026714">
            <conditions>
                <condition id="0" name="On clicked" sid="489056810460667" type="aceptarPname" />
            </conditions>
            <actions>
                <action id="5" name="Push" sid="606850578612607" type="datosJugador">
                    <param id="0" name="Where">0</param>
                    <param id="1" name="Value">playername.Text</param>
                    <param id="2" name="Axis">0</param>
                </action>
                <action id="0" name="Set text" sid="358030071412054" type="pname">
                    <param id="0" name="Text">&quot;&quot;</param>
                </action>
                <action id="-13" name="Set boolean" sid="942534968551230" type="aceptarPname">
                    <param id="0" name="Instance variable">nombreingresado</param>
                    <param id="1" name="Value">1</param>
                </action>
            </actions>
            <sub-events>
                <event-block sid="329232810490210">
                    <conditions>
                        <condition id="3" name="For each element" sid="953345676123110" type="datosJugador">
                            <param id="0" name="Axes">2</param>
                        </condition>
                    </conditions>
                    <actions>
                        <action id="0" name="Set text" sid="423199059616162" type="pname">
                            <param id="0" name="Text">datosJugador.CurValue</param>
                        </action>
                    </actions>
                </event-block>
            </sub-events>
        </event-block>
        <event-block sid="231374686793329">
            <conditions>
                <condition id="-6" name="Every X seconds" sid="721212328565297" type="System">
                    <param id="0" name="Interval (seconds)">0.8</param>
                </condition>
            </conditions>
            <actions>
                <action id="-15" name="Set visible" sid="344717350439927" type="mensajesPPrincipal">
                    <param id="0" name="Visibility">0</param>
                </action>
            </actions>
        </event-block>
        <event-block sid="648772481939347">
            <conditions>
                <condition id="-6" name="Every X seconds" sid="549513359906671" type="System">
                    <param id="0" name="Interval (seconds)">1.0</param>
                </condition>
            </conditions>
            <actions>
                <action id="-15" name="Set visible" sid="586703675203601" type="mensajesPPrincipal">
                    <param id="0" name="Visibility">1</param>
                </action>
            </actions>
        </event-block>
        <event-block sid="918014547606526">
            <conditions>
                <condition id="6" name="On object clicked" sid="547350066124167" type="Mouse">
                    <param id="0" name="Mouse button">0</param>
                    <param id="1" name="Click type">0</param>
                    <param id="2" name="Object clicked">Hombre</param>
                </condition>
            </conditions>
            <actions>
                <action id="-1" name="Set X" sid="800741891283436" type="cursor">
                    <param id="0" name="X">Hombre.X</param>
                </action>
                <action id="-9" name="Set value" sid="770872329297269" type="System">
                    <param id="0" name="Variable">PElegido</param>
                    <param id="1" name="Value">0</param>
                </action>
            </actions>
        </event-block>
        <event-block sid="967606705783655">
            <conditions>
                <condition id="6" name="On object clicked" sid="500321333215532" type="Mouse">
                    <param id="0" name="Mouse button">0</param>
                    <param id="1" name="Click type">0</param>
                    <param id="2" name="Object clicked">otro</param>
                </condition>
            </conditions>
            <actions>
                <action id="-1" name="Set X" sid="116311799053999" type="cursor">
                    <param id="0" name="X">otro.X</param>
                </action>
                <action id="-9" name="Set value" sid="102412799666330" type="System">
                    <param id="0" name="Variable">PElegido</param>
                    <param id="1" name="Value">1</param>
                </action>
            </actions>
        </event-block>
        <event-block sid="477703410780828">
            <conditions>
                <condition id="6" name="On object clicked" sid="716380780450898" type="Mouse">
                    <param id="0" name="Mouse button">0</param>
                    <param id="1" name="Click type">0</param>
                    <param id="2" name="Object clicked">Mujer</param>
                </condition>
            </conditions>
            <actions>
                <action id="-1" name="Set X" sid="956910008211905" type="cursor">
                    <param id="0" name="X">Mujer.X</param>
                </action>
                <action id="-9" name="Set value" sid="558841819554452" type="System">
                    <param id="0" name="Variable">PElegido</param>
                    <param id="1" name="Value">3</param>
                </action>
            </actions>
        </event-block>
        <event-block sid="469609336898540">
            <conditions>
                <condition id="-8" name="Is boolean instance variable set" sid="404327921722201" type="aceptarPname">
                    <param id="0" name="Instance variable">nombreingresado</param>
                </condition>
            </conditions>
            <actions>
                <action id="-3" name="Set position" sid="853852852074288" type="mensajesPPrincipal">
                    <param id="0" name="X">314</param>
                    <param id="1" name="Y">183</param>
                </action>
            </actions>
            <sub-events>
                <event-block sid="910814048355891">
                    <conditions>
                        <condition id="2" name="Key is down" sid="142370803089408" type="Keyboard">
                            <param id="0" name="Key">13 (Return)</param>
                        </condition>
                    </conditions>
                    <actions>
                        <action id="-2" name="Go to layout" sid="422119098403294" type="System">
                            <param id="0" name="Layout">Mapa</param>
                        </action>
                    </actions>
                </event-block>
            </sub-events>
        </event-block>
    </events>
</c2eventsheet>
