﻿<?xml version="1.0" encoding="utf-8" ?>
<c2eventsheet>
    <!--All the 'name' attributes are ignored by Construct 2 - they are there for readability only.-->
    <name>Even Sheet lvl1</name>
    <events>
        <variable constant="0" name="stop" sid="804474385136746" static="0" type="number">0</variable>
        <variable constant="0" name="timer" sid="899955335656250" static="0" type="number">150</variable>
        <variable constant="0" name="vida" sid="774613295190941" static="0" type="number">6</variable>
        <variable constant="0" name="RandomEnemy2" sid="201314136257774" static="0" type="number">0</variable>
        <variable constant="0" name="Desacierto" sid="554365960430995" static="0" type="number">0</variable>
        <variable constant="0" name="Acierto" sid="757891218831085" static="0" type="number">0</variable>
        <variable constant="0" name="Boton" sid="391087767538854" static="0" type="number">0</variable>
        <variable constant="0" name="Multiplo" sid="229859870302087" static="0" type="text"></variable>
        <variable constant="0" name="RandomicoLuksic" sid="452658742786628" static="0" type="number">1</variable>
        <variable constant="0" name="Factor" sid="572445975120301" static="0" type="number">8</variable>
        <event-block sid="299592480397348">
            <conditions>
                <condition id="-14" name="Compare variable" sid="295262209863503" type="System">
                    <param id="0" name="Variable">PElegido</param>
                    <param id="1" name="Comparison">0</param>
                    <param id="2" name="Value">0</param>
                </condition>
            </conditions>
            <actions>
                <action id="5" name="Set frame" sid="294287915492116" type="PlayerMap">
                    <param id="0" name="Frame number">0</param>
                </action>
            </actions>
        </event-block>
        <event-block sid="222244873724521">
            <conditions>
                <condition id="-14" name="Compare variable" sid="234373863305960" type="System">
                    <param id="0" name="Variable">PElegido</param>
                    <param id="1" name="Comparison">0</param>
                    <param id="2" name="Value">1</param>
                </condition>
            </conditions>
            <actions>
                <action id="5" name="Set frame" sid="398148934447205" type="PlayerMap">
                    <param id="0" name="Frame number">1</param>
                </action>
            </actions>
        </event-block>
        <event-block sid="643652315774764">
            <conditions>
                <condition id="-14" name="Compare variable" sid="772371916922108" type="System">
                    <param id="0" name="Variable">PElegido</param>
                    <param id="1" name="Comparison">0</param>
                    <param id="2" name="Value">2</param>
                </condition>
            </conditions>
            <actions>
                <action id="5" name="Set frame" sid="474081464856715" type="PlayerMap">
                    <param id="0" name="Frame number">3</param>
                </action>
            </actions>
        </event-block>
        <event-block sid="707606666843884">
            <conditions>
                <condition id="-1" name="Every tick" sid="766173281970040" type="System" />
            </conditions>
            <actions>
                <action id="-1" name="Set X" sid="242377472232271" type="PlayerNAVE">
                    <param id="0" name="X">Mouse.X</param>
                </action>
                <action id="-2" name="Set Y" sid="531009629829229" type="Enemy">
                    <param id="0" name="Y">Self.Y+2</param>
                </action>
                <action id="-2" name="Set Y" sid="309404718935037" type="Enemy2">
                    <param id="0" name="Y">Self.Y+2</param>
                </action>
                <action id="-2" name="Set Y" sid="929551504755673" type="Neutro">
                    <param id="0" name="Y">Self.Y+2</param>
                </action>
            </actions>
        </event-block>
        <event-block sid="164503001287031">
            <conditions>
                <condition id="2" name="Key is down" sid="745883618194359" type="Keyboard">
                    <param id="0" name="Key">90 (Z)</param>
                </condition>
                <condition id="-6" name="Every X seconds" sid="138381420709536" type="System">
                    <param id="0" name="Interval (seconds)">0.2</param>
                </condition>
            </conditions>
            <actions>
                <action id="0" name="Spawn another object" sid="237636049998977" type="PlayerNAVE">
                    <param id="0" name="Object">laser2</param>
                    <param id="1" name="Layer">0</param>
                    <param id="2" name="Image point">0</param>
                </action>
                <action behavior="Bullet" id="3" name="Set angle of motion" sid="943837473129767" type="laser2">
                    <param id="0" name="Angle">270</param>
                </action>
            </actions>
        </event-block>
        <event-block sid="284826688277945">
            <conditions>
                <condition id="-4" name="Is outside layout" sid="166639895575308" type="laser2" />
            </conditions>
            <actions>
                <action id="-9" name="Destroy" sid="631302898735921" type="laser2" />
            </actions>
        </event-block>
        <event-block sid="461756750075690">
            <conditions>
                <condition id="-14" name="Compare variable" sid="164573501121469" type="System">
                    <param id="0" name="Variable">Boton</param>
                    <param id="1" name="Comparison">0</param>
                    <param id="2" name="Value">1</param>
                </condition>
            </conditions>
            <actions>
                <action id="2" name="Set visible" sid="825369652890854" type="Comenzar">
                    <param id="0" name="Visibility">0</param>
                </action>
            </actions>
            <sub-events>
                <event-block sid="577949049067907">
                    <conditions>
                        <condition id="-6" name="Every X seconds" sid="859671259839957" type="System">
                            <param id="0" name="Interval (seconds)">3.8</param>
                        </condition>
                        <condition id="-14" name="Compare variable" sid="614921503781209" type="System">
                            <param id="0" name="Variable">stop</param>
                            <param id="1" name="Comparison">0</param>
                            <param id="2" name="Value">0</param>
                        </condition>
                    </conditions>
                    <actions>
                        <action id="-3" name="Create object" sid="480326075998882" type="System">
                            <param id="0" name="Object to create">Enemy</param>
                            <param id="1" name="Layer">0</param>
                            <param id="2" name="X">random(WindowWidth)</param>
                            <param id="3" name="Y">-50</param>
                        </action>
                        <action id="-13" name="Set boolean" sid="811597895436902" type="Enemy">
                            <param id="0" name="Instance variable">Estado</param>
                            <param id="1" name="Value">1</param>
                        </action>
                    </actions>
                </event-block>
                <event-block sid="856592556674264">
                    <conditions>
                        <condition id="-6" name="Every X seconds" sid="978561845157023" type="System">
                            <param id="0" name="Interval (seconds)">4.0</param>
                        </condition>
                        <condition id="-14" name="Compare variable" sid="423242082597541" type="System">
                            <param id="0" name="Variable">stop</param>
                            <param id="1" name="Comparison">0</param>
                            <param id="2" name="Value">0</param>
                        </condition>
                    </conditions>
                    <actions>
                        <action id="-3" name="Create object" sid="539374543400643" type="System">
                            <param id="0" name="Object to create">Enemy2</param>
                            <param id="1" name="Layer">0</param>
                            <param id="2" name="X">random(WindowWidth)</param>
                            <param id="3" name="Y">-50</param>
                        </action>
                        <action id="-13" name="Set boolean" sid="847807603253360" type="Enemy2">
                            <param id="0" name="Instance variable">Estado</param>
                            <param id="1" name="Value">1</param>
                        </action>
                    </actions>
                </event-block>
                <event-block sid="469556322746470">
                    <conditions>
                        <condition id="-6" name="Every X seconds" sid="539877054467942" type="System">
                            <param id="0" name="Interval (seconds)">1.2</param>
                        </condition>
                        <condition id="-14" name="Compare variable" sid="162000877284140" type="System">
                            <param id="0" name="Variable">stop</param>
                            <param id="1" name="Comparison">0</param>
                            <param id="2" name="Value">0</param>
                        </condition>
                    </conditions>
                    <actions>
                        <action id="-3" name="Create object" sid="591421953074555" type="System">
                            <param id="0" name="Object to create">Neutro</param>
                            <param id="1" name="Layer">0</param>
                            <param id="2" name="X">random(WindowWidth)</param>
                            <param id="3" name="Y">-50</param>
                        </action>
                    </actions>
                </event-block>
            </sub-events>
        </event-block>
        <event-block sid="244345749279806">
            <conditions>
                <condition id="-8" name="Is boolean instance variable set" sid="420673990325998" type="Enemy">
                    <param id="0" name="Instance variable">Estado</param>
                </condition>
                <condition id="-14" name="Compare variable" sid="209549268565600" type="System">
                    <param id="0" name="Variable">stop</param>
                    <param id="1" name="Comparison">0</param>
                    <param id="2" name="Value">0</param>
                </condition>
            </conditions>
            <actions>
                <action id="-9" name="Set value" sid="849261447683230" type="System">
                    <param id="0" name="Variable">RandomicoLuksic</param>
                    <param id="1" name="Value">Floor(random(1,10))</param>
                </action>
                <action id="-9" name="Set value" sid="926810124989943" type="System">
                    <param id="0" name="Variable">Multiplo</param>
                    <param id="1" name="Value">Factor*RandomicoLuksic</param>
                </action>
                <action id="-3" name="Create object" sid="161266607829145" type="System">
                    <param id="0" name="Object to create">Correcto</param>
                    <param id="1" name="Layer">0</param>
                    <param id="2" name="X">Enemy.X</param>
                    <param id="3" name="Y">Enemy.Y</param>
                </action>
                <action behavior="Pin" id="0" name="Pin to object" sid="697972684105167" type="Correcto">
                    <param id="0" name="Pin to">Enemy</param>
                    <param id="1" name="Mode">1</param>
                </action>
                <action id="0" name="Set text" sid="116641353128344" type="Correcto">
                    <param id="0" name="Text">&quot;&quot;&amp;Multiplo</param>
                </action>
                <action id="-13" name="Set boolean" sid="939226943100479" type="Enemy">
                    <param id="0" name="Instance variable">Estado</param>
                    <param id="1" name="Value">0</param>
                </action>
            </actions>
        </event-block>
        <event-block sid="472257044096533">
            <conditions>
                <condition id="-8" name="Is boolean instance variable set" sid="121572014774378" type="Enemy2">
                    <param id="0" name="Instance variable">Estado</param>
                </condition>
            </conditions>
            <actions>
                <action id="-3" name="Create object" sid="744747540364313" type="System">
                    <param id="0" name="Object to create">Incorrecto</param>
                    <param id="1" name="Layer">0</param>
                    <param id="2" name="X">Enemy2.X</param>
                    <param id="3" name="Y">Enemy2.Y</param>
                </action>
                <action id="-9" name="Set value" sid="782921980285752" type="System">
                    <param id="0" name="Variable">RandomEnemy2</param>
                    <param id="1" name="Value">floor(random(1,3))* floor(random(5,6))</param>
                </action>
                <action behavior="Pin" id="0" name="Pin to object" sid="909107733579971" type="Incorrecto">
                    <param id="0" name="Pin to">Enemy2</param>
                    <param id="1" name="Mode">1</param>
                </action>
                <action id="0" name="Set text" sid="993530306478303" type="Incorrecto">
                    <param id="0" name="Text">&quot;&quot;&amp;RandomEnemy2 </param>
                </action>
                <action id="-13" name="Set boolean" sid="587054185739879" type="Enemy2">
                    <param id="0" name="Instance variable">Estado</param>
                    <param id="1" name="Value">0</param>
                </action>
            </actions>
        </event-block>
        <event-block sid="559420615405212">
            <conditions>
                <condition id="-2" name="On start of layout" sid="499830283824818" type="System" />
            </conditions>
            <actions>
                <action id="0" name="Set text" sid="686675919984084" type="CuadroDeDialogo">
                    <param id="0" name="Text">&quot;Los enemigos utilizan camuflaje&#x0D;&#x0A;¡de multiplos!, &#x0D;&#x0A;identifica los multiplos de 8&#x0D;&#x0A; y ¡destruyelos! Junta más aciertos que desaciertos antes que se agote el tiempo para ganar.&#x0D;&#x0A;&#x0D;&#x0A;Z = Disparar :: Mouse = &lt;--x--&gt;&#x0D;&#x0A;Clic en comenzar&quot;</param>
                </action>
                <action id="0" name="Play" sid="179859290844145" type="Audio">
                    <param id="0" name="Audio file">bgm_action_3</param>
                    <param id="2" name="Loop">1</param>
                    <param id="3" name="Volume">0</param>
                    <param id="1" name="Tag (optional)">&quot;&quot;</param>
                </action>
            </actions>
        </event-block>
        <event-block sid="259309904102716">
            <conditions>
                <condition id="0" name="On clicked" sid="837047269289776" type="Comenzar" />
            </conditions>
            <actions>
                <action id="-9" name="Set value" sid="153640287710806" type="System">
                    <param id="0" name="Variable">Boton</param>
                    <param id="1" name="Value">1</param>
                </action>
                <action id="-15" name="Set visible" sid="632643399314211" type="CuadroDeDialogo">
                    <param id="0" name="Visibility">0</param>
                </action>
            </actions>
        </event-block>
        <event-block sid="663258537617373">
            <conditions>
                <condition id="6" name="On object clicked" sid="754585274717908" type="Mouse">
                    <param id="0" name="Mouse button">0</param>
                    <param id="1" name="Click type">0</param>
                    <param id="2" name="Object clicked">Volver</param>
                </condition>
            </conditions>
            <actions>
                <action id="-2" name="Go to layout" sid="105392763864890" type="System">
                    <param id="0" name="Layout">Mapa</param>
                </action>
                <action id="6" name="Stop" sid="317008967502004" type="Audio">
                    <param id="0" name="Tag">&quot;&quot;</param>
                </action>
            </actions>
            <sub-events>
                <event-block sid="825839062014189">
                    <conditions>
                        <condition id="-14" name="Compare variable" sid="664451765848930" type="System">
                            <param id="0" name="Variable">Boton</param>
                            <param id="1" name="Comparison">0</param>
                            <param id="2" name="Value">1</param>
                        </condition>
                    </conditions>
                    <actions>
                        <action id="-9" name="Set value" sid="685490161653114" type="System">
                            <param id="0" name="Variable">Boton</param>
                            <param id="1" name="Value">0</param>
                        </action>
                        <action id="2" name="Set visible" sid="836597952659746" type="Comenzar">
                            <param id="0" name="Visibility">1</param>
                        </action>
                    </actions>
                </event-block>
            </sub-events>
        </event-block>
        <event-group description="" sid="175295347085634" title="Colisiones">
            <sub-events>
                <event-block sid="352404764485160">
                    <conditions>
                        <condition id="0" name="On collision with another object" sid="905660849984161" type="laser2">
                            <param id="0" name="Object">Enemy2</param>
                        </condition>
                    </conditions>
                    <actions>
                        <action id="-9" name="Destroy" sid="444297331839758" type="laser2" />
                        <action id="-9" name="Destroy" sid="792436140290001" type="Enemy2" />
                        <action id="-9" name="Destroy" sid="730938620844095" type="Incorrecto" />
                        <action id="-10" name="Add to" sid="147392809958718" type="System">
                            <param id="0" name="Variable">Desacierto</param>
                            <param id="1" name="Value">1</param>
                        </action>
                        <action id="0" name="Set text" sid="150045646815260" type="contIncorrecto">
                            <param id="0" name="Text">&quot;Desaciertos: &quot;&amp;Desacierto</param>
                        </action>
                    </actions>
                </event-block>
                <event-block sid="538145741205081">
                    <conditions>
                        <condition id="0" name="On collision with another object" sid="997529407216730" type="laser2">
                            <param id="0" name="Object">Neutro</param>
                        </condition>
                    </conditions>
                    <actions>
                        <action id="-9" name="Destroy" sid="252640466905206" type="laser2" />
                        <action id="4" name="Set animation" sid="940160440768305" type="Neutro">
                            <param id="0" name="Animation">&quot;destruir&quot;</param>
                            <param id="1" name="From">1</param>
                        </action>
                        <action id="-9" name="Destroy" sid="363393528880045" type="Neutro" />
                    </actions>
                </event-block>
                <event-block sid="721832397160553">
                    <conditions>
                        <condition id="0" name="On collision with another object" sid="918433104693188" type="Neutro">
                            <param id="0" name="Object">Enemy</param>
                        </condition>
                    </conditions>
                    <actions>
                        <action id="-9" name="Destroy" sid="184549356730811" type="Enemy" />
                        <action id="-9" name="Destroy" sid="941699820405939" type="Neutro" />
                        <action id="-9" name="Destroy" sid="103054451174775" type="Correcto" />
                    </actions>
                </event-block>
                <event-block sid="168414451513928">
                    <conditions>
                        <condition id="0" name="On collision with another object" sid="495184457269492" type="Neutro">
                            <param id="0" name="Object">Enemy2</param>
                        </condition>
                    </conditions>
                    <actions>
                        <action id="-9" name="Destroy" sid="141427187440727" type="Neutro" />
                        <action id="-9" name="Destroy" sid="961511863761047" type="Enemy2" />
                        <action id="-9" name="Destroy" sid="290234442102553" type="Incorrecto" />
                    </actions>
                </event-block>
                <event-block sid="466223614309176">
                    <conditions>
                        <condition id="0" name="On collision with another object" sid="830994130156966" type="Enemy">
                            <param id="0" name="Object">Enemy</param>
                        </condition>
                    </conditions>
                    <actions>
                        <action id="-9" name="Destroy" sid="368468817111151" type="Enemy" />
                        <action id="-9" name="Destroy" sid="113004199871203" type="Correcto" />
                    </actions>
                </event-block>
                <event-block sid="677712811859924">
                    <conditions>
                        <condition id="0" name="On collision with another object" sid="226067114610259" type="Enemy">
                            <param id="0" name="Object">PlayerNAVE</param>
                        </condition>
                    </conditions>
                    <actions>
                        <action id="-9" name="Destroy" sid="941614006621034" type="Enemy" />
                        <action id="-9" name="Destroy" sid="438138650296055" type="Correcto" />
                        <action id="-11" name="Subtract from" sid="270803118712362" type="System">
                            <param id="0" name="Variable">vida</param>
                            <param id="1" name="Value">1</param>
                        </action>
                    </actions>
                </event-block>
                <event-block sid="479630467490428">
                    <conditions>
                        <condition id="0" name="On collision with another object" sid="134049294600401" type="Enemy2">
                            <param id="0" name="Object">PlayerNAVE</param>
                        </condition>
                    </conditions>
                    <actions>
                        <action id="-9" name="Destroy" sid="309518712916327" type="Enemy2" />
                        <action id="-11" name="Subtract from" sid="827303566927090" type="System">
                            <param id="0" name="Variable">vida</param>
                            <param id="1" name="Value">1</param>
                        </action>
                        <action id="-9" name="Destroy" sid="325794319634406" type="Incorrecto" />
                    </actions>
                </event-block>
                <event-block sid="337145268342825">
                    <conditions>
                        <condition id="0" name="On collision with another object" sid="935575304505401" type="laser2">
                            <param id="0" name="Object">Enemy</param>
                        </condition>
                    </conditions>
                    <actions>
                        <action id="-9" name="Destroy" sid="192318337091961" type="Correcto" />
                        <action id="-9" name="Destroy" sid="570580879688060" type="laser2" />
                        <action id="-9" name="Destroy" sid="363242322596280" type="Enemy" />
                        <action id="-10" name="Add to" sid="158348666549123" type="System">
                            <param id="0" name="Variable">Acierto</param>
                            <param id="1" name="Value">1</param>
                        </action>
                        <action id="0" name="Set text" sid="192938236605641" type="contCorrectos">
                            <param id="0" name="Text">&quot;Aciertos: &quot;&amp;Acierto</param>
                        </action>
                    </actions>
                </event-block>
                <event-block sid="529240623104916">
                    <conditions>
                        <condition id="0" name="On collision with another object" sid="555497925265737" type="Enemy">
                            <param id="0" name="Object">Enemy2</param>
                        </condition>
                    </conditions>
                    <actions>
                        <action id="-9" name="Destroy" sid="354033287417295" type="Enemy" />
                        <action id="-9" name="Destroy" sid="625351898173377" type="Enemy2" />
                        <action id="-9" name="Destroy" sid="547001439069189" type="Correcto" />
                        <action id="-9" name="Destroy" sid="586264711059968" type="Incorrecto" />
                    </actions>
                </event-block>
                <event-block sid="408134045734084">
                    <conditions>
                        <condition id="0" name="On collision with another object" sid="747045057801851" type="Neutro">
                            <param id="0" name="Object">PlayerNAVE</param>
                        </condition>
                    </conditions>
                    <actions>
                        <action id="-9" name="Destroy" sid="550578222165259" type="Neutro" />
                        <action id="-11" name="Subtract from" sid="818704571996690" type="System">
                            <param id="0" name="Variable">vida</param>
                            <param id="1" name="Value">1</param>
                        </action>
                    </actions>
                </event-block>
                <event-block sid="351534025643428">
                    <conditions>
                        <condition id="0" name="On collision with another object" sid="401380241352547" type="Enemy">
                            <param id="0" name="Object">limites</param>
                        </condition>
                    </conditions>
                    <actions>
                        <action id="-9" name="Destroy" sid="285018842235007" type="Enemy" />
                        <action id="-9" name="Destroy" sid="213007219500265" type="Correcto" />
                    </actions>
                </event-block>
                <event-block sid="114668889050176">
                    <conditions>
                        <condition id="0" name="On collision with another object" sid="846689618219542" type="Enemy2">
                            <param id="0" name="Object">limites</param>
                        </condition>
                    </conditions>
                    <actions>
                        <action id="-9" name="Destroy" sid="243680867718268" type="Enemy2" />
                        <action id="-9" name="Destroy" sid="662324901286091" type="Incorrecto" />
                    </actions>
                </event-block>
            </sub-events>
        </event-group>
        <event-group description="" sid="480419633117729" title="Vidas">
            <sub-events>
                <event-block sid="410782314201662">
                    <conditions>
                        <condition id="-14" name="Compare variable" sid="245854400600518" type="System">
                            <param id="0" name="Variable">vida</param>
                            <param id="1" name="Comparison">0</param>
                            <param id="2" name="Value">6</param>
                        </condition>
                    </conditions>
                    <actions>
                        <action id="5" name="Set frame" sid="802009383926886" type="vida">
                            <param id="0" name="Frame number">0</param>
                        </action>
                    </actions>
                </event-block>
                <event-block sid="873319337085903">
                    <conditions>
                        <condition id="-14" name="Compare variable" sid="133838050646670" type="System">
                            <param id="0" name="Variable">vida</param>
                            <param id="1" name="Comparison">0</param>
                            <param id="2" name="Value">5</param>
                        </condition>
                    </conditions>
                    <actions>
                        <action id="5" name="Set frame" sid="548475657135955" type="vida">
                            <param id="0" name="Frame number">1</param>
                        </action>
                    </actions>
                </event-block>
                <event-block sid="176499913740242">
                    <conditions>
                        <condition id="-14" name="Compare variable" sid="266570675654729" type="System">
                            <param id="0" name="Variable">vida</param>
                            <param id="1" name="Comparison">0</param>
                            <param id="2" name="Value">4</param>
                        </condition>
                    </conditions>
                    <actions>
                        <action id="5" name="Set frame" sid="107113578477992" type="vida">
                            <param id="0" name="Frame number">2</param>
                        </action>
                    </actions>
                </event-block>
                <event-block sid="769783709394897">
                    <conditions>
                        <condition id="-14" name="Compare variable" sid="736075704273906" type="System">
                            <param id="0" name="Variable">vida</param>
                            <param id="1" name="Comparison">0</param>
                            <param id="2" name="Value">3</param>
                        </condition>
                    </conditions>
                    <actions>
                        <action id="5" name="Set frame" sid="612110184598265" type="vida">
                            <param id="0" name="Frame number">3</param>
                        </action>
                    </actions>
                </event-block>
                <event-block sid="197248364089726">
                    <conditions>
                        <condition id="-14" name="Compare variable" sid="803782674374360" type="System">
                            <param id="0" name="Variable">vida</param>
                            <param id="1" name="Comparison">0</param>
                            <param id="2" name="Value">2</param>
                        </condition>
                    </conditions>
                    <actions>
                        <action id="5" name="Set frame" sid="508370993386585" type="vida">
                            <param id="0" name="Frame number">4</param>
                        </action>
                    </actions>
                </event-block>
                <event-block sid="650876156724892">
                    <conditions>
                        <condition id="-14" name="Compare variable" sid="289677732451840" type="System">
                            <param id="0" name="Variable">vida</param>
                            <param id="1" name="Comparison">0</param>
                            <param id="2" name="Value">1</param>
                        </condition>
                    </conditions>
                    <actions>
                        <action id="5" name="Set frame" sid="321796352035355" type="vida">
                            <param id="0" name="Frame number">5</param>
                        </action>
                    </actions>
                </event-block>
                <event-block sid="521203022942009">
                    <conditions>
                        <condition id="-14" name="Compare variable" sid="765781639510407" type="System">
                            <param id="0" name="Variable">vida</param>
                            <param id="1" name="Comparison">0</param>
                            <param id="2" name="Value">0</param>
                        </condition>
                    </conditions>
                    <actions>
                        <action id="5" name="Set frame" sid="637056516319717" type="vida">
                            <param id="0" name="Frame number">6</param>
                        </action>
                        <action id="0" name="Set text" sid="897647900271870" type="CuadroDeDialogo">
                            <param id="0" name="Text">&quot;Game Over :c&quot;</param>
                        </action>
                        <action id="-15" name="Set visible" sid="354936188535795" type="CuadroDeDialogo">
                            <param id="0" name="Visibility">1</param>
                        </action>
                        <action id="-9" name="Destroy" sid="920554943159444" type="PlayerNAVE" />
                    </actions>
                </event-block>
            </sub-events>
        </event-group>
        <event-block sid="798998043815924">
            <conditions>
                <condition id="-6" name="Every X seconds" sid="736391964198873" type="System">
                    <param id="0" name="Interval (seconds)">1.0</param>
                </condition>
                <condition id="-14" name="Compare variable" sid="929096068144710" type="System">
                    <param id="0" name="Variable">timer</param>
                    <param id="1" name="Comparison">4</param>
                    <param id="2" name="Value">0</param>
                </condition>
            </conditions>
            <actions>
                <action id="-11" name="Subtract from" sid="522668228889722" type="System">
                    <param id="0" name="Variable">timer</param>
                    <param id="1" name="Value">1</param>
                </action>
                <action id="0" name="Set text" sid="406166629761745" type="tiempo">
                    <param id="0" name="Text">&quot;Reloj: &quot;&amp;timer</param>
                </action>
            </actions>
        </event-block>
        <event-block sid="962537294715717">
            <conditions>
                <condition id="-14" name="Compare variable" sid="683361345509182" type="System">
                    <param id="0" name="Variable">timer</param>
                    <param id="1" name="Comparison">0</param>
                    <param id="2" name="Value">0</param>
                </condition>
            </conditions>
            <actions>
                <action id="0" name="Set text" sid="621649569248024" type="tiempo">
                    <param id="0" name="Text">&quot;Reloj: 00&quot;</param>
                </action>
                <action id="-9" name="Set value" sid="738320509475552" type="System">
                    <param id="0" name="Variable">stop</param>
                    <param id="1" name="Value">1</param>
                </action>
            </actions>
            <sub-events>
                <event-block sid="630744734004870">
                    <conditions>
                        <condition id="-14" name="Compare variable" sid="322231649963665" type="System">
                            <param id="0" name="Variable">Acierto</param>
                            <param id="1" name="Comparison">5</param>
                            <param id="2" name="Value">Desacierto</param>
                        </condition>
                    </conditions>
                    <actions>
                        <action id="-15" name="Set visible" sid="601178639108562" type="CuadroDeDialogo">
                            <param id="0" name="Visibility">1</param>
                        </action>
                        <action id="0" name="Set text" sid="312435961585579" type="CuadroDeDialogo">
                            <param id="0" name="Text">&quot;&#x0D;&#x0A;&#x0D;&#x0A;&#x0D;&#x0A;BIEN HECHO GANASTE !&quot;</param>
                        </action>
                    </actions>
                </event-block>
                <event-block sid="561831261804748">
                    <conditions>
                        <condition id="-14" name="Compare variable" sid="305911028536623" type="System">
                            <param id="0" name="Variable">Acierto</param>
                            <param id="1" name="Comparison">2</param>
                            <param id="2" name="Value">Desacierto</param>
                        </condition>
                    </conditions>
                    <actions>
                        <action id="-15" name="Set visible" sid="796376154383199" type="CuadroDeDialogo">
                            <param id="0" name="Visibility">1</param>
                        </action>
                        <action id="0" name="Set text" sid="667674092955485" type="CuadroDeDialogo">
                            <param id="0" name="Text">&quot;&#x0D;&#x0A;&#x0D;&#x0A;&#x0D;&#x0A;PERDISTE SUERTE PARA LA PROXIMA&quot;</param>
                        </action>
                    </actions>
                </event-block>
            </sub-events>
        </event-block>
    </events>
</c2eventsheet>
