﻿<?xml version="1.0" encoding="utf-8" ?>
<c2eventsheet>
    <!--All the 'name' attributes are ignored by Construct 2 - they are there for readability only.-->
    <name>Event sheet 1</name>
    <events>
        <variable constant="0" name="Grid_Size" sid="379896386465234" static="0" type="number">16</variable>
        <event-block sid="238895636425949">
            <conditions>
                <condition id="-7" name="Compare instance variable" sid="494957377474083" type="player">
                    <param id="0" name="Instance variable">Step_timer</param>
                    <param id="1" name="Comparison">0</param>
                    <param id="2" name="Value">0</param>
                </condition>
            </conditions>
            <actions />
            <sub-events>
                <event-block sid="235760998321074">
                    <conditions>
                        <condition id="2" name="Key is down" sid="874584362589470" type="Keyboard">
                            <param id="0" name="Key">39 (Right arrow)</param>
                        </condition>
                    </conditions>
                    <actions>
                        <action id="-10" name="Set value" sid="277883475543379" type="player">
                            <param id="0" name="Instance variable">Dir</param>
                            <param id="1" name="Value">0</param>
                        </action>
                        <action id="-10" name="Set value" sid="434508126188937" type="player">
                            <param id="0" name="Instance variable">Step_timer</param>
                            <param id="1" name="Value">Grid_Size</param>
                        </action>
                    </actions>
                </event-block>
                <event-block sid="676516389991673">
                    <conditions>
                        <condition id="2" name="Key is down" sid="190927049955496" type="Keyboard">
                            <param id="0" name="Key">37 (Left arrow)</param>
                        </condition>
                    </conditions>
                    <actions>
                        <action id="-10" name="Set value" sid="612900625084850" type="player">
                            <param id="0" name="Instance variable">Dir</param>
                            <param id="1" name="Value">180</param>
                        </action>
                        <action id="-10" name="Set value" sid="989535661427878" type="player">
                            <param id="0" name="Instance variable">Step_timer</param>
                            <param id="1" name="Value">Grid_Size</param>
                        </action>
                    </actions>
                </event-block>
                <event-block sid="284481195367681">
                    <conditions>
                        <condition id="2" name="Key is down" sid="327681593745535" type="Keyboard">
                            <param id="0" name="Key">38 (Up arrow)</param>
                        </condition>
                    </conditions>
                    <actions>
                        <action id="-10" name="Set value" sid="820663152359613" type="player">
                            <param id="0" name="Instance variable">Dir</param>
                            <param id="1" name="Value">270</param>
                        </action>
                        <action id="-10" name="Set value" sid="445839639690293" type="player">
                            <param id="0" name="Instance variable">Step_timer</param>
                            <param id="1" name="Value">Grid_Size</param>
                        </action>
                    </actions>
                </event-block>
                <event-block sid="831764806616272">
                    <conditions>
                        <condition id="2" name="Key is down" sid="536272222812434" type="Keyboard">
                            <param id="0" name="Key">40 (Down arrow)</param>
                        </condition>
                    </conditions>
                    <actions>
                        <action id="-10" name="Set value" sid="307896843634134" type="player">
                            <param id="0" name="Instance variable">Dir</param>
                            <param id="1" name="Value">90</param>
                        </action>
                        <action id="-10" name="Set value" sid="460547909990749" type="player">
                            <param id="0" name="Instance variable">Step_timer</param>
                            <param id="1" name="Value">Grid_Size</param>
                        </action>
                    </actions>
                </event-block>
            </sub-events>
        </event-block>
    </events>
</c2eventsheet>
