﻿<?xml version="1.0" encoding="utf-8" ?>
<c2eventsheet>
    <!--All the 'name' attributes are ignored by Construct 2 - they are there for readability only.-->
    <name>Ev_splash</name>
    <events>
        <event-block sid="5485395859608612">
            <conditions>
                <condition id="-2" name="On start of layout" sid="17381978188221" type="System" />
            </conditions>
            <actions>
                <action id="-16" name="Wait" sid="6716254906651839" type="System">
                    <param id="0" name="Seconds">3</param>
                </action>
                <action id="-2" name="Go to layout" sid="7512749118692966" type="System">
                    <param id="0" name="Layout">La_menu</param>
                </action>
            </actions>
        </event-block>
    </events>
</c2eventsheet>
