﻿<?xml version="1.0" encoding="utf-8" ?>
<c2eventsheet>
    <!--All the 'name' attributes are ignored by Construct 2 - they are there for readability only.-->
    <name>ESWorld</name>
    <events>
        <variable constant="0" name="Etapa2incompleta" sid="681578717553748" static="0" type="number">0</variable>
        <variable constant="0" name="Etapa2completa" sid="198962178731555" static="0" type="number">0</variable>
        <variable constant="0" name="Etapa1completa" sid="858694592867437" static="0" type="number">0</variable>
        <variable constant="0" name="Etapa1incompleta" sid="544616038019007" static="0" type="number">0</variable>
        <variable constant="0" name="recom1" sid="248281946473177" static="0" type="number">0</variable>
        <variable constant="0" name="recom2" sid="653327473855070" static="0" type="number">0</variable>
        <variable constant="0" name="bienvenida" sid="877626180983864" static="0" type="number">0</variable>
        <variable constant="0" name="Coins" sid="144127707407715" static="0" type="number">0</variable>
        <event-block sid="465470884905294">
            <conditions>
                <condition id="-4" name="Trigger once while true" sid="229574468532814" type="System" />
            </conditions>
            <actions>
                <action id="-31" name="Set layout effect parameter" sid="109664725420075" type="System">
                    <param id="0" name="Effect">&quot;Pixellate&quot;</param>
                    <param id="1" name="Parameter index">0</param>
                    <param id="2" name="Value">22</param>
                </action>
                <action id="-16" name="Wait" sid="535901242885009" type="System">
                    <param id="0" name="Seconds">0.1</param>
                </action>
                <action id="-31" name="Set layout effect parameter" sid="611889541024544" type="System">
                    <param id="0" name="Effect">&quot;Pixellate&quot;</param>
                    <param id="1" name="Parameter index">0</param>
                    <param id="2" name="Value">20</param>
                </action>
                <action id="-16" name="Wait" sid="397769198274992" type="System">
                    <param id="0" name="Seconds">0.1</param>
                </action>
                <action id="-31" name="Set layout effect parameter" sid="781927736299223" type="System">
                    <param id="0" name="Effect">&quot;Pixellate&quot;</param>
                    <param id="1" name="Parameter index">0</param>
                    <param id="2" name="Value">18</param>
                </action>
                <action id="-16" name="Wait" sid="672875716365796" type="System">
                    <param id="0" name="Seconds">0.1</param>
                </action>
                <action id="-31" name="Set layout effect parameter" sid="230296840603324" type="System">
                    <param id="0" name="Effect">&quot;Pixellate&quot;</param>
                    <param id="1" name="Parameter index">0</param>
                    <param id="2" name="Value">16</param>
                </action>
                <action id="-16" name="Wait" sid="606311887791036" type="System">
                    <param id="0" name="Seconds">0.1</param>
                </action>
                <action id="-31" name="Set layout effect parameter" sid="575035986718873" type="System">
                    <param id="0" name="Effect">&quot;Pixellate&quot;</param>
                    <param id="1" name="Parameter index">0</param>
                    <param id="2" name="Value">14</param>
                </action>
                <action id="-16" name="Wait" sid="414960491843279" type="System">
                    <param id="0" name="Seconds">0.1</param>
                </action>
                <action id="-31" name="Set layout effect parameter" sid="558963243684221" type="System">
                    <param id="0" name="Effect">&quot;Pixellate&quot;</param>
                    <param id="1" name="Parameter index">0</param>
                    <param id="2" name="Value">12</param>
                </action>
                <action id="-16" name="Wait" sid="351642728254875" type="System">
                    <param id="0" name="Seconds">0.1</param>
                </action>
                <action id="-31" name="Set layout effect parameter" sid="533778734930350" type="System">
                    <param id="0" name="Effect">&quot;Pixellate&quot;</param>
                    <param id="1" name="Parameter index">0</param>
                    <param id="2" name="Value">9</param>
                </action>
                <action id="-16" name="Wait" sid="429451360681006" type="System">
                    <param id="0" name="Seconds">0.1</param>
                </action>
                <action id="-31" name="Set layout effect parameter" sid="103493652105018" type="System">
                    <param id="0" name="Effect">&quot;Pixellate&quot;</param>
                    <param id="1" name="Parameter index">0</param>
                    <param id="2" name="Value">7</param>
                </action>
                <action id="-16" name="Wait" sid="308714515966749" type="System">
                    <param id="0" name="Seconds">0.1</param>
                </action>
                <action id="-31" name="Set layout effect parameter" sid="877262943787876" type="System">
                    <param id="0" name="Effect">&quot;Pixellate&quot;</param>
                    <param id="1" name="Parameter index">0</param>
                    <param id="2" name="Value">5</param>
                </action>
                <action id="-16" name="Wait" sid="200323236819312" type="System">
                    <param id="0" name="Seconds">0.1</param>
                </action>
                <action id="-31" name="Set layout effect parameter" sid="182929433730766" type="System">
                    <param id="0" name="Effect">&quot;Pixellate&quot;</param>
                    <param id="1" name="Parameter index">0</param>
                    <param id="2" name="Value">3</param>
                </action>
                <action id="-16" name="Wait" sid="812495325587466" type="System">
                    <param id="0" name="Seconds">0.4</param>
                </action>
                <action id="-31" name="Set layout effect parameter" sid="539362801310783" type="System">
                    <param id="0" name="Effect">&quot;Pixellate&quot;</param>
                    <param id="1" name="Parameter index">0</param>
                    <param id="2" name="Value">1</param>
                </action>
            </actions>
        </event-block>
        <event-block sid="204091370136687">
            <conditions>
                <condition behavior="Platform" id="8" name="On moved" sid="733481658560018" type="playerBlue_stand" />
            </conditions>
            <actions>
                <action id="4" name="Set animation" sid="337810671065656" type="playerBlue_stand">
                    <param id="0" name="Animation">&quot;Walk&quot;</param>
                    <param id="1" name="From">1</param>
                </action>
            </actions>
        </event-block>
        <event-block sid="601932557382054">
            <conditions>
                <condition behavior="Platform" id="7" name="On stopped" sid="849638607992442" type="playerBlue_stand" />
            </conditions>
            <actions>
                <action id="4" name="Set animation" sid="358973139649592" type="playerBlue_stand">
                    <param id="0" name="Animation">&quot;Stand&quot;</param>
                    <param id="1" name="From">1</param>
                </action>
            </actions>
        </event-block>
        <event-block sid="876840189467358">
            <conditions>
                <condition behavior="Platform" id="6" name="On fall" sid="786007327489291" type="playerBlue_stand" />
            </conditions>
            <actions>
                <action id="4" name="Set animation" sid="783416572932356" type="playerBlue_stand">
                    <param id="0" name="Animation">&quot;Fall&quot;</param>
                    <param id="1" name="From">1</param>
                </action>
            </actions>
        </event-block>
        <event-block sid="266579050025985">
            <conditions>
                <condition behavior="Platform" id="5" name="On jump" sid="887087788973343" type="playerBlue_stand" />
            </conditions>
            <actions>
                <action id="4" name="Set animation" sid="611370058238297" type="playerBlue_stand">
                    <param id="0" name="Animation">&quot;Jump&quot;</param>
                    <param id="1" name="From">1</param>
                </action>
            </actions>
        </event-block>
        <event-block sid="483405281471925">
            <conditions>
                <condition behavior="Platform" id="9" name="On landed" sid="360236123637285" type="playerBlue_stand" />
            </conditions>
            <actions>
                <action id="4" name="Set animation" sid="619400135391606" type="playerBlue_stand">
                    <param id="0" name="Animation">&quot;Stand&quot;</param>
                    <param id="1" name="From">1</param>
                </action>
            </actions>
            <sub-events>
                <event-block sid="277689130679437">
                    <conditions>
                        <condition behavior="Platform" id="0" name="Is moving" sid="848572947036976" type="playerBlue_stand" />
                    </conditions>
                    <actions>
                        <action id="4" name="Set animation" sid="886287460077424" type="playerBlue_stand">
                            <param id="0" name="Animation">&quot;Walk&quot;</param>
                            <param id="1" name="From">1</param>
                        </action>
                    </actions>
                </event-block>
                <event-block sid="505984746458677">
                    <conditions>
                        <condition behavior="Platform" id="0" inverted="1" name="Is moving" sid="837477450544260" type="playerBlue_stand" />
                    </conditions>
                    <actions>
                        <action id="4" name="Set animation" sid="314116256820496" type="playerBlue_stand">
                            <param id="0" name="Animation">&quot;Stand&quot;</param>
                            <param id="1" name="From">1</param>
                        </action>
                    </actions>
                </event-block>
            </sub-events>
        </event-block>
        <event-block sid="183393087552063">
            <conditions>
                <condition id="0" name="On key pressed" sid="473952746568979" type="Keyboard">
                    <param id="0" name="Key">37 (Left arrow)</param>
                </condition>
            </conditions>
            <actions>
                <action id="7" name="Set mirrored" sid="334628355359665" type="playerBlue_stand">
                    <param id="0" name="State">0</param>
                </action>
            </actions>
        </event-block>
        <event-block sid="922252291583074">
            <conditions>
                <condition id="0" name="On key pressed" sid="629293133904327" type="Keyboard">
                    <param id="0" name="Key">39 (Right arrow)</param>
                </condition>
            </conditions>
            <actions>
                <action id="7" name="Set mirrored" sid="980983356113372" type="playerBlue_stand">
                    <param id="0" name="State">1</param>
                </action>
            </actions>
        </event-block>
        <event-block sid="848198208294786">
            <conditions>
                <condition id="0" name="On collision with another object" sid="808763499812398" type="playerBlue_stand">
                    <param id="0" name="Object">Gems2</param>
                </condition>
            </conditions>
            <actions>
                <action id="-9" name="Destroy" sid="234651544808494" type="Gems2" />
                <action id="-10" name="Add to" sid="513939695187139" type="System">
                    <param id="0" name="Variable">Coins</param>
                    <param id="1" name="Value">1</param>
                </action>
            </actions>
        </event-block>
        <event-block sid="488547032167927">
            <conditions>
                <condition id="-1" name="Every tick" sid="533287828979809" type="System" />
            </conditions>
            <actions />
            <sub-events>
                <event-block sid="594635337407129">
                    <conditions>
                        <condition id="-7" name="Compare instance variable" sid="527136555068782" type="coinstext">
                            <param id="0" name="Instance variable">type</param>
                            <param id="1" name="Comparison">0</param>
                            <param id="2" name="Value">&quot;coins&quot;</param>
                        </condition>
                    </conditions>
                    <actions>
                        <action id="0" name="Set text" sid="158723398040824" type="coinstext">
                            <param id="0" name="Text">Coins</param>
                        </action>
                    </actions>
                </event-block>
            </sub-events>
        </event-block>
        <event-block sid="619508353780500">
            <conditions>
                <condition id="0" name="On collision with another object" sid="994319008248455" type="playerBlue_stand">
                    <param id="0" name="Object">playerGrey_roll</param>
                </condition>
                <condition id="-14" name="Compare variable" sid="484793769391142" type="System">
                    <param id="0" name="Variable">Etapa1completa</param>
                    <param id="1" name="Comparison">0</param>
                    <param id="2" name="Value">0</param>
                </condition>
                <condition id="-14" name="Compare variable" sid="806661123759293" type="System">
                    <param id="0" name="Variable">Etapa1incompleta</param>
                    <param id="1" name="Comparison">0</param>
                    <param id="2" name="Value">0</param>
                </condition>
            </conditions>
            <actions>
                <action id="5" name="Set frame" sid="195034715883844" type="playerGrey_roll">
                    <param id="0" name="Frame number">1</param>
                </action>
                <action behavior="Platform" id="1" name="Set max speed" sid="141480284995640" type="playerBlue_stand">
                    <param id="0" name="Max Speed">0</param>
                </action>
                <action id="-15" name="Set visible" sid="926270058568891" type="greyTalk">
                    <param id="0" name="Visibility">1</param>
                </action>
                <action id="-15" name="Set visible" sid="807970208749278" type="okGrayTalk">
                    <param id="0" name="Visibility">1</param>
                </action>
                <action id="-15" name="Set visible" sid="944180138867610" type="graytext">
                    <param id="0" name="Visibility">1</param>
                </action>
                <action id="5" name="Set frame" sid="200542901908271" type="doorKnob">
                    <param id="0" name="Frame number">1</param>
                </action>
                <action id="5" name="Set frame" sid="849925307617655" type="doorTop">
                    <param id="0" name="Frame number">1</param>
                </action>
            </actions>
        </event-block>
        <event-block sid="207937781584503">
            <conditions>
                <condition id="-1" name="Compare X" sid="266303106490291" type="playerGreen_roll">
                    <param id="0" name="Comparison">5</param>
                    <param id="1" name="X co-ordinate">playerBlue_stand.X</param>
                </condition>
            </conditions>
            <actions>
                <action id="7" name="Set mirrored" sid="167547078627331" type="playerGreen_roll">
                    <param id="0" name="State">0</param>
                </action>
            </actions>
        </event-block>
        <event-block sid="800196076742214">
            <conditions>
                <condition id="-1" name="Compare X" sid="713594444353105" type="playerGreen_roll">
                    <param id="0" name="Comparison">2</param>
                    <param id="1" name="X co-ordinate">playerBlue_stand.X</param>
                </condition>
            </conditions>
            <actions>
                <action id="7" name="Set mirrored" sid="286607357484876" type="playerGreen_roll">
                    <param id="0" name="State">1</param>
                </action>
            </actions>
        </event-block>
        <event-block sid="400722996810321">
            <conditions>
                <condition id="-1" name="Compare X" sid="903405980421347" type="playerGrey_roll">
                    <param id="0" name="Comparison">5</param>
                    <param id="1" name="X co-ordinate">playerBlue_stand.X</param>
                </condition>
            </conditions>
            <actions>
                <action id="7" name="Set mirrored" sid="567751796479073" type="playerGrey_roll">
                    <param id="0" name="State">0</param>
                </action>
            </actions>
        </event-block>
        <event-block sid="645740035070952">
            <conditions>
                <condition id="-1" name="Compare X" sid="955100473128804" type="playerGrey_roll">
                    <param id="0" name="Comparison">2</param>
                    <param id="1" name="X co-ordinate">playerBlue_stand.X</param>
                </condition>
            </conditions>
            <actions>
                <action id="7" name="Set mirrored" sid="848042888056999" type="playerGrey_roll">
                    <param id="0" name="State">1</param>
                </action>
            </actions>
        </event-block>
        <event-block sid="569464008445521">
            <conditions>
                <condition id="-1" name="Compare X" sid="935336433793149" type="playerRed_roll">
                    <param id="0" name="Comparison">4</param>
                    <param id="1" name="X co-ordinate">playerBlue_stand.X</param>
                </condition>
            </conditions>
            <actions>
                <action id="7" name="Set mirrored" sid="540589999871100" type="playerRed_roll">
                    <param id="0" name="State">0</param>
                </action>
            </actions>
        </event-block>
        <event-block sid="992918898857535">
            <conditions>
                <condition id="-1" name="Compare X" sid="973262119995947" type="playerRed_roll">
                    <param id="0" name="Comparison">2</param>
                    <param id="1" name="X co-ordinate">playerBlue_stand.X</param>
                </condition>
            </conditions>
            <actions>
                <action id="7" name="Set mirrored" sid="810579093530518" type="playerRed_roll">
                    <param id="0" name="State">1</param>
                </action>
            </actions>
        </event-block>
        <event-block sid="784941990116282">
            <conditions>
                <condition id="0" name="On collision with another object" sid="390115363705343" type="playerBlue_stand">
                    <param id="0" name="Object">playerGreen_roll</param>
                </condition>
                <condition id="-14" name="Compare variable" sid="648461563625923" type="System">
                    <param id="0" name="Variable">Etapa2incompleta</param>
                    <param id="1" name="Comparison">0</param>
                    <param id="2" name="Value">0</param>
                </condition>
                <condition id="-14" name="Compare variable" sid="107677903168770" type="System">
                    <param id="0" name="Variable">Etapa1incompleta</param>
                    <param id="1" name="Comparison">0</param>
                    <param id="2" name="Value">1</param>
                </condition>
            </conditions>
            <actions>
                <action id="5" name="Set frame" sid="230547671228254" type="playerGreen_roll">
                    <param id="0" name="Frame number">1</param>
                </action>
                <action behavior="Platform" id="1" name="Set max speed" sid="579496815196650" type="playerBlue_stand">
                    <param id="0" name="Max Speed">0</param>
                </action>
                <action id="5" name="Set frame" sid="132174161278845" type="doorKnob2">
                    <param id="0" name="Frame number">1</param>
                </action>
                <action id="5" name="Set frame" sid="584583334266290" type="doorTop2">
                    <param id="0" name="Frame number">1</param>
                </action>
                <action id="-15" name="Set visible" sid="218157812826094" type="pacoTalk2">
                    <param id="0" name="Visibility">1</param>
                </action>
                <action id="-15" name="Set visible" sid="800204066360817" type="pacotext2">
                    <param id="0" name="Visibility">1</param>
                </action>
                <action id="-15" name="Set visible" sid="227331255418868" type="okPacoTalk">
                    <param id="0" name="Visibility">1</param>
                </action>
            </actions>
        </event-block>
        <event-block sid="322557265203255">
            <conditions>
                <condition id="17" name="On tap object" sid="177552919550690" type="Touch">
                    <param id="0" name="Object">okPacoTalk</param>
                </condition>
            </conditions>
            <actions>
                <action id="-15" name="Set visible" sid="274239615374414" type="pacoTalk2">
                    <param id="0" name="Visibility">0</param>
                </action>
                <action id="-15" name="Set visible" sid="719992267157700" type="pacotext2">
                    <param id="0" name="Visibility">0</param>
                </action>
                <action id="-15" name="Set visible" sid="101511157889264" type="okPacoTalk">
                    <param id="0" name="Visibility">0</param>
                </action>
                <action behavior="Platform" id="1" name="Set max speed" sid="983006301168620" type="playerBlue_stand">
                    <param id="0" name="Max Speed">330</param>
                </action>
            </actions>
        </event-block>
        <event-block sid="727265724741549">
            <conditions>
                <condition id="0" name="On collision with another object" sid="550161769683456" type="playerBlue_stand">
                    <param id="0" name="Object">playerRed_roll</param>
                </condition>
                <condition id="-14" name="Compare variable" sid="831629669577544" type="System">
                    <param id="0" name="Variable">Etapa1completa</param>
                    <param id="1" name="Comparison">0</param>
                    <param id="2" name="Value">2</param>
                </condition>
            </conditions>
            <actions>
                <action id="5" name="Set frame" sid="814472895006935" type="playerRed_roll">
                    <param id="0" name="Frame number">1</param>
                </action>
                <action id="5" name="Set frame" sid="524616009363316" type="doorKnob">
                    <param id="0" name="Frame number">1</param>
                </action>
                <action id="5" name="Set frame" sid="569987996151269" type="doorTop">
                    <param id="0" name="Frame number">1</param>
                </action>
            </actions>
        </event-block>
        <event-block sid="762028100464462">
            <conditions>
                <condition id="1" name="Is overlapping another object" sid="156353073143034" type="playerBlue_stand">
                    <param id="0" name="Object">doorKnob</param>
                </condition>
                <condition id="2" name="Key is down" sid="272470910977713" type="Keyboard">
                    <param id="0" name="Key">32 (Barra Espaciadora)</param>
                </condition>
                <condition id="-14" name="Compare variable" sid="950666229396341" type="System">
                    <param id="0" name="Variable">Etapa1completa</param>
                    <param id="1" name="Comparison">0</param>
                    <param id="2" name="Value">0</param>
                </condition>
                <condition id="3" name="Compare frame" sid="701384761059223" type="doorKnob">
                    <param id="0" name="Comparison">0</param>
                    <param id="1" name="Number">1</param>
                </condition>
            </conditions>
            <actions>
                <action id="-31" name="Set layout effect parameter" sid="767981887276621" type="System">
                    <param id="0" name="Effect">&quot;Pixellate&quot;</param>
                    <param id="1" name="Parameter index">0</param>
                    <param id="2" name="Value">3</param>
                </action>
                <action id="-16" name="Wait" sid="207926784518145" type="System">
                    <param id="0" name="Seconds">0.1</param>
                </action>
                <action id="-31" name="Set layout effect parameter" sid="376805310047798" type="System">
                    <param id="0" name="Effect">&quot;Pixellate&quot;</param>
                    <param id="1" name="Parameter index">0</param>
                    <param id="2" name="Value">5</param>
                </action>
                <action id="-16" name="Wait" sid="696819093440112" type="System">
                    <param id="0" name="Seconds">0.1</param>
                </action>
                <action id="-31" name="Set layout effect parameter" sid="222188797096128" type="System">
                    <param id="0" name="Effect">&quot;Pixellate&quot;</param>
                    <param id="1" name="Parameter index">0</param>
                    <param id="2" name="Value">7</param>
                </action>
                <action id="-16" name="Wait" sid="883947475505623" type="System">
                    <param id="0" name="Seconds">0.1</param>
                </action>
                <action id="-31" name="Set layout effect parameter" sid="930480217400100" type="System">
                    <param id="0" name="Effect">&quot;Pixellate&quot;</param>
                    <param id="1" name="Parameter index">0</param>
                    <param id="2" name="Value">9</param>
                </action>
                <action id="-16" name="Wait" sid="821348718371950" type="System">
                    <param id="0" name="Seconds">0.1</param>
                </action>
                <action id="-31" name="Set layout effect parameter" sid="124498043456731" type="System">
                    <param id="0" name="Effect">&quot;Pixellate&quot;</param>
                    <param id="1" name="Parameter index">0</param>
                    <param id="2" name="Value">12</param>
                </action>
                <action id="-16" name="Wait" sid="212626101290756" type="System">
                    <param id="0" name="Seconds">0.1</param>
                </action>
                <action id="-31" name="Set layout effect parameter" sid="925182760451402" type="System">
                    <param id="0" name="Effect">&quot;Pixellate&quot;</param>
                    <param id="1" name="Parameter index">0</param>
                    <param id="2" name="Value">14</param>
                </action>
                <action id="-16" name="Wait" sid="572712093139382" type="System">
                    <param id="0" name="Seconds">0.1</param>
                </action>
                <action id="-31" name="Set layout effect parameter" sid="176982124414003" type="System">
                    <param id="0" name="Effect">&quot;Pixellate&quot;</param>
                    <param id="1" name="Parameter index">0</param>
                    <param id="2" name="Value">16</param>
                </action>
                <action id="-16" name="Wait" sid="246341743742015" type="System">
                    <param id="0" name="Seconds">0.1</param>
                </action>
                <action id="-31" name="Set layout effect parameter" sid="172688363014688" type="System">
                    <param id="0" name="Effect">&quot;Pixellate&quot;</param>
                    <param id="1" name="Parameter index">0</param>
                    <param id="2" name="Value">18</param>
                </action>
                <action id="-16" name="Wait" sid="372357943158392" type="System">
                    <param id="0" name="Seconds">0.1</param>
                </action>
                <action id="-31" name="Set layout effect parameter" sid="552636918999433" type="System">
                    <param id="0" name="Effect">&quot;Pixellate&quot;</param>
                    <param id="1" name="Parameter index">0</param>
                    <param id="2" name="Value">20</param>
                </action>
                <action id="-16" name="Wait" sid="949865407296654" type="System">
                    <param id="0" name="Seconds">0.1</param>
                </action>
                <action id="-31" name="Set layout effect parameter" sid="193981035400396" type="System">
                    <param id="0" name="Effect">&quot;Pixellate&quot;</param>
                    <param id="1" name="Parameter index">0</param>
                    <param id="2" name="Value">22</param>
                </action>
                <action id="-16" name="Wait" sid="154174463586621" type="System">
                    <param id="0" name="Seconds">0.1</param>
                </action>
                <action id="-9" name="Set value" sid="738170290232958" type="System">
                    <param id="0" name="Variable">Etapa1incompleta</param>
                    <param id="1" name="Value">1</param>
                </action>
                <action id="-2" name="Go to layout" sid="121167194544233" type="System">
                    <param id="0" name="Layout">Etapa1</param>
                </action>
            </actions>
        </event-block>
        <event-block sid="800819578135435">
            <conditions>
                <condition id="-19" name="On destroyed" sid="304227702212611" type="playerBlue_stand" />
            </conditions>
            <actions>
                <action id="-16" name="Wait" sid="403461377865555" type="System">
                    <param id="0" name="Seconds">0.5</param>
                </action>
                <action id="-26" name="Restart layout" sid="344641217815453" type="System" />
            </actions>
        </event-block>
        <event-block sid="160923059670266">
            <conditions>
                <condition id="17" name="On tap object" sid="608292002499281" type="Touch">
                    <param id="0" name="Object">Button2</param>
                </condition>
                <condition id="3" name="Compare frame" sid="405923214258130" type="Button2">
                    <param id="0" name="Comparison">0</param>
                    <param id="1" name="Number">0</param>
                </condition>
            </conditions>
            <actions>
                <action id="5" name="Set frame" sid="535268998172380" type="Button2">
                    <param id="0" name="Frame number">1</param>
                </action>
                <action id="-16" name="Wait" sid="535602070731445" type="System">
                    <param id="0" name="Seconds">0.3</param>
                </action>
                <action id="5" name="Set frame" sid="966131932537782" type="Button2">
                    <param id="0" name="Frame number">0</param>
                </action>
                <action id="-15" name="Set visible" sid="584688257216626" type="tituloe1">
                    <param id="0" name="Visibility">0</param>
                </action>
                <action id="-15" name="Set visible" sid="784357176550386" type="tituloe2">
                    <param id="0" name="Visibility">1</param>
                </action>
                <action id="-15" name="Set visible" sid="643624812832497" type="ok">
                    <param id="0" name="Visibility">1</param>
                </action>
                <action id="5" name="Set frame" sid="868494455104490" type="Button2">
                    <param id="0" name="Frame number">2</param>
                </action>
            </actions>
        </event-block>
        <event-block sid="672605745735523">
            <conditions>
                <condition id="17" name="On tap object" sid="262984148211823" type="Touch">
                    <param id="0" name="Object">ok</param>
                </condition>
                <condition id="-9" name="Is visible" sid="959674833703004" type="ok" />
            </conditions>
            <actions>
                <action id="5" name="Set frame" sid="568651069155024" type="ok">
                    <param id="0" name="Frame number">1</param>
                </action>
                <action id="-16" name="Wait" sid="114049087196665" type="System">
                    <param id="0" name="Seconds">0.3</param>
                </action>
                <action id="5" name="Set frame" sid="544429330449783" type="ok">
                    <param id="0" name="Frame number">0</param>
                </action>
                <action id="-15" name="Set visible" sid="996297554760760" type="tituloe2">
                    <param id="0" name="Visibility">0</param>
                </action>
                <action id="-15" name="Set visible" sid="450041113041614" type="gem1">
                    <param id="0" name="Visibility">0</param>
                </action>
                <action id="-15" name="Set visible" sid="961795330589885" type="gem4">
                    <param id="0" name="Visibility">0</param>
                </action>
                <action id="-15" name="Set visible" sid="552176311575210" type="bienvenida">
                    <param id="0" name="Visibility">0</param>
                </action>
                <action id="-15" name="Set visible" sid="130748531760902" type="bienvenidaverde">
                    <param id="0" name="Visibility">0</param>
                </action>
                <action id="-15" name="Set visible" sid="981959742368854" type="Button2">
                    <param id="0" name="Visibility">0</param>
                </action>
                <action id="-15" name="Set visible" sid="109107927235281" type="ok">
                    <param id="0" name="Visibility">0</param>
                </action>
                <action behavior="Platform" id="11" name="Set enabled" sid="991324952008829" type="playerBlue_stand">
                    <param id="0" name="State">1</param>
                </action>
                <action id="-15" name="Set visible" sid="565541108001960" type="instruccionperm">
                    <param id="0" name="Visibility">1</param>
                </action>
            </actions>
        </event-block>
        <event-block sid="316999316946149">
            <conditions>
                <condition id="-14" name="Compare variable" sid="239261600625117" type="System">
                    <param id="0" name="Variable">bienvenida</param>
                    <param id="1" name="Comparison">0</param>
                    <param id="2" name="Value">0</param>
                </condition>
            </conditions>
            <actions>
                <action id="-16" name="Wait" sid="492461540213975" type="System">
                    <param id="0" name="Seconds">1.0</param>
                </action>
                <action behavior="Platform" id="11" name="Set enabled" sid="772555805840122" type="playerBlue_stand">
                    <param id="0" name="State">0</param>
                </action>
                <action id="-15" name="Set visible" sid="152404747603278" type="bienvenida">
                    <param id="0" name="Visibility">1</param>
                </action>
                <action id="-15" name="Set visible" sid="131756509062388" type="Button2">
                    <param id="0" name="Visibility">1</param>
                </action>
                <action id="-15" name="Set visible" sid="984980237805422" type="tituloe1">
                    <param id="0" name="Visibility">1</param>
                </action>
                <action id="-9" name="Set value" sid="494710007248969" type="System">
                    <param id="0" name="Variable">bienvenida</param>
                    <param id="1" name="Value">1</param>
                </action>
            </actions>
        </event-block>
        <event-block sid="882758603617996">
            <conditions>
                <condition id="-4" name="Trigger once while true" sid="215867722641989" type="System" />
                <condition id="-14" name="Compare variable" sid="570257920262178" type="System">
                    <param id="0" name="Variable">bienvenida</param>
                    <param id="1" name="Comparison">0</param>
                    <param id="2" name="Value">1</param>
                </condition>
            </conditions>
            <actions>
                <action id="-16" name="Wait" sid="903360424548532" type="System">
                    <param id="0" name="Seconds">0.3</param>
                </action>
                <action id="5" name="Set frame" sid="370612666887673" type="doorKnob">
                    <param id="0" name="Frame number">1</param>
                </action>
                <action id="5" name="Set frame" sid="625686587294324" type="doorTop">
                    <param id="0" name="Frame number">1</param>
                </action>
            </actions>
            <sub-events>
                <event-block sid="448162205381457">
                    <conditions>
                        <condition id="-14" name="Compare variable" sid="286955045287130" type="System">
                            <param id="0" name="Variable">Etapa2incompleta</param>
                            <param id="1" name="Comparison">0</param>
                            <param id="2" name="Value">1</param>
                        </condition>
                    </conditions>
                    <actions>
                        <action id="5" name="Set frame" sid="887940163951855" type="doorKnob2">
                            <param id="0" name="Frame number">1</param>
                        </action>
                        <action id="5" name="Set frame" sid="123672059650108" type="doorTop2">
                            <param id="0" name="Frame number">1</param>
                        </action>
                    </actions>
                </event-block>
            </sub-events>
        </event-block>
        <event-block sid="161416120448095">
            <conditions>
                <condition id="17" name="On tap object" sid="763821634318247" type="Touch">
                    <param id="0" name="Object">okGrayTalk</param>
                </condition>
            </conditions>
            <actions>
                <action id="5" name="Set frame" sid="395981273605479" type="okGrayTalk">
                    <param id="0" name="Frame number">1</param>
                </action>
                <action id="-16" name="Wait" sid="203071110291068" type="System">
                    <param id="0" name="Seconds">0.4</param>
                </action>
                <action id="5" name="Set frame" sid="415060295970167" type="okGrayTalk">
                    <param id="0" name="Frame number">0</param>
                </action>
                <action id="-15" name="Set visible" sid="483744499978657" type="greyTalk">
                    <param id="0" name="Visibility">0</param>
                </action>
                <action id="-15" name="Set visible" sid="847228692890806" type="okGrayTalk">
                    <param id="0" name="Visibility">0</param>
                </action>
                <action id="-15" name="Set visible" sid="382697837150615" type="graytext">
                    <param id="0" name="Visibility">0</param>
                </action>
                <action behavior="Platform" id="1" name="Set max speed" sid="978964214864148" type="playerBlue_stand">
                    <param id="0" name="Max Speed">330</param>
                </action>
            </actions>
        </event-block>
        <event-block sid="303583741934691">
            <conditions>
                <condition id="1" name="Is overlapping another object" sid="958768597502139" type="playerBlue_stand">
                    <param id="0" name="Object">doorKnob2</param>
                </condition>
                <condition id="2" name="Key is down" sid="399065101622718" type="Keyboard">
                    <param id="0" name="Key">32 (Barra Espaciadora)</param>
                </condition>
                <condition id="-14" name="Compare variable" sid="686083755035036" type="System">
                    <param id="0" name="Variable">Etapa2completa</param>
                    <param id="1" name="Comparison">0</param>
                    <param id="2" name="Value">0</param>
                </condition>
            </conditions>
            <actions>
                <action id="-31" name="Set layout effect parameter" sid="602718160994425" type="System">
                    <param id="0" name="Effect">&quot;Pixellate&quot;</param>
                    <param id="1" name="Parameter index">0</param>
                    <param id="2" name="Value">3</param>
                </action>
                <action id="-16" name="Wait" sid="656908650961358" type="System">
                    <param id="0" name="Seconds">0.1</param>
                </action>
                <action id="-31" name="Set layout effect parameter" sid="888241733343651" type="System">
                    <param id="0" name="Effect">&quot;Pixellate&quot;</param>
                    <param id="1" name="Parameter index">0</param>
                    <param id="2" name="Value">5</param>
                </action>
                <action id="-16" name="Wait" sid="366245841521550" type="System">
                    <param id="0" name="Seconds">0.1</param>
                </action>
                <action id="-31" name="Set layout effect parameter" sid="710631979366808" type="System">
                    <param id="0" name="Effect">&quot;Pixellate&quot;</param>
                    <param id="1" name="Parameter index">0</param>
                    <param id="2" name="Value">7</param>
                </action>
                <action id="-16" name="Wait" sid="832601823765543" type="System">
                    <param id="0" name="Seconds">0.1</param>
                </action>
                <action id="-31" name="Set layout effect parameter" sid="352060795374966" type="System">
                    <param id="0" name="Effect">&quot;Pixellate&quot;</param>
                    <param id="1" name="Parameter index">0</param>
                    <param id="2" name="Value">9</param>
                </action>
                <action id="-16" name="Wait" sid="209819501473626" type="System">
                    <param id="0" name="Seconds">0.1</param>
                </action>
                <action id="-31" name="Set layout effect parameter" sid="603255492196615" type="System">
                    <param id="0" name="Effect">&quot;Pixellate&quot;</param>
                    <param id="1" name="Parameter index">0</param>
                    <param id="2" name="Value">12</param>
                </action>
                <action id="-16" name="Wait" sid="994265258519403" type="System">
                    <param id="0" name="Seconds">0.1</param>
                </action>
                <action id="-31" name="Set layout effect parameter" sid="397939371381561" type="System">
                    <param id="0" name="Effect">&quot;Pixellate&quot;</param>
                    <param id="1" name="Parameter index">0</param>
                    <param id="2" name="Value">14</param>
                </action>
                <action id="-16" name="Wait" sid="515706291541158" type="System">
                    <param id="0" name="Seconds">0.1</param>
                </action>
                <action id="-31" name="Set layout effect parameter" sid="676399829020672" type="System">
                    <param id="0" name="Effect">&quot;Pixellate&quot;</param>
                    <param id="1" name="Parameter index">0</param>
                    <param id="2" name="Value">16</param>
                </action>
                <action id="-16" name="Wait" sid="992566139842719" type="System">
                    <param id="0" name="Seconds">0.1</param>
                </action>
                <action id="-31" name="Set layout effect parameter" sid="995617023778793" type="System">
                    <param id="0" name="Effect">&quot;Pixellate&quot;</param>
                    <param id="1" name="Parameter index">0</param>
                    <param id="2" name="Value">18</param>
                </action>
                <action id="-16" name="Wait" sid="758441757522360" type="System">
                    <param id="0" name="Seconds">0.1</param>
                </action>
                <action id="-31" name="Set layout effect parameter" sid="795499389430478" type="System">
                    <param id="0" name="Effect">&quot;Pixellate&quot;</param>
                    <param id="1" name="Parameter index">0</param>
                    <param id="2" name="Value">20</param>
                </action>
                <action id="-16" name="Wait" sid="206717583775096" type="System">
                    <param id="0" name="Seconds">0.1</param>
                </action>
                <action id="-31" name="Set layout effect parameter" sid="476057462900113" type="System">
                    <param id="0" name="Effect">&quot;Pixellate&quot;</param>
                    <param id="1" name="Parameter index">0</param>
                    <param id="2" name="Value">22</param>
                </action>
                <action id="-16" name="Wait" sid="700442968510701" type="System">
                    <param id="0" name="Seconds">0.1</param>
                </action>
                <action id="-9" name="Set value" sid="612526604059368" type="System">
                    <param id="0" name="Variable">Etapa2incompleta</param>
                    <param id="1" name="Value">1</param>
                </action>
                <action id="-2" name="Go to layout" sid="531149136439715" type="System">
                    <param id="0" name="Layout">Torre</param>
                </action>
            </actions>
        </event-block>
        <event-block sid="511689717753670">
            <conditions>
                <condition id="0" name="On collision with another object" sid="781577578595751" type="playerBlue_stand">
                    <param id="0" name="Object">Gemse1</param>
                </condition>
                <condition id="-14" name="Compare variable" sid="621291392575057" type="System">
                    <param id="0" name="Variable">recom1</param>
                    <param id="1" name="Comparison">0</param>
                    <param id="2" name="Value">0</param>
                </condition>
            </conditions>
            <actions>
                <action id="-9" name="Destroy" sid="510083919333467" type="Gemse1" />
                <action id="-16" name="Wait" sid="109631124205715" type="System">
                    <param id="0" name="Seconds">0.5</param>
                </action>
                <action behavior="Platform" id="11" name="Set enabled" sid="257633763408114" type="playerBlue_stand">
                    <param id="0" name="State">0</param>
                </action>
                <action id="-15" name="Set visible" sid="393479332409359" type="bienvenida">
                    <param id="0" name="Visibility">1</param>
                </action>
                <action id="-15" name="Set visible" sid="663226251342637" type="gem1">
                    <param id="0" name="Visibility">1</param>
                </action>
                <action id="-15" name="Set visible" sid="775593010266330" type="ok">
                    <param id="0" name="Visibility">1</param>
                </action>
                <action id="-10" name="Add to" sid="986467896076500" type="System">
                    <param id="0" name="Variable">Coins</param>
                    <param id="1" name="Value">10</param>
                </action>
                <action id="-9" name="Set value" sid="304375203514440" type="System">
                    <param id="0" name="Variable">recom1</param>
                    <param id="1" name="Value">1</param>
                </action>
            </actions>
        </event-block>
        <event-block sid="156804149033562">
            <conditions>
                <condition id="0" name="On collision with another object" sid="637191821915430" type="playerBlue_stand">
                    <param id="0" name="Object">gemlvl2</param>
                </condition>
                <condition id="-14" name="Compare variable" sid="984562194911277" type="System">
                    <param id="0" name="Variable">recom2</param>
                    <param id="1" name="Comparison">0</param>
                    <param id="2" name="Value">0</param>
                </condition>
            </conditions>
            <actions>
                <action id="-9" name="Destroy" sid="538540828984132" type="gemlvl2" />
                <action id="-16" name="Wait" sid="796509646583742" type="System">
                    <param id="0" name="Seconds">0.3</param>
                </action>
                <action behavior="Platform" id="11" name="Set enabled" sid="221733809724594" type="playerBlue_stand">
                    <param id="0" name="State">0</param>
                </action>
                <action id="-15" name="Set visible" sid="571300113634215" type="bienvenidaverde">
                    <param id="0" name="Visibility">1</param>
                </action>
                <action id="-15" name="Set visible" sid="461449778002714" type="gem4">
                    <param id="0" name="Visibility">1</param>
                </action>
                <action id="-15" name="Set visible" sid="367404232423399" type="ok3">
                    <param id="0" name="Visibility">1</param>
                </action>
                <action id="-10" name="Add to" sid="187160664879714" type="System">
                    <param id="0" name="Variable">Coins</param>
                    <param id="1" name="Value">10</param>
                </action>
                <action id="-9" name="Set value" sid="914690875457382" type="System">
                    <param id="0" name="Variable">recom2</param>
                    <param id="1" name="Value">1</param>
                </action>
            </actions>
        </event-block>
        <event-block sid="462957563723657">
            <conditions>
                <condition id="17" name="On tap object" sid="198546618256200" type="Touch">
                    <param id="0" name="Object">ok3</param>
                </condition>
            </conditions>
            <actions>
                <action id="5" name="Set frame" sid="141709722840894" type="ok3">
                    <param id="0" name="Frame number">1</param>
                </action>
                <action id="-16" name="Wait" sid="637953875822718" type="System">
                    <param id="0" name="Seconds">0.3</param>
                </action>
                <action id="5" name="Set frame" sid="134911746217693" type="ok3">
                    <param id="0" name="Frame number">0</param>
                </action>
                <action id="-15" name="Set visible" sid="997015643520587" type="gem4">
                    <param id="0" name="Visibility">0</param>
                </action>
                <action id="-15" name="Set visible" sid="448370994797874" type="bienvenidaverde">
                    <param id="0" name="Visibility">0</param>
                </action>
                <action id="-15" name="Set visible" sid="719751167935063" type="ok3">
                    <param id="0" name="Visibility">0</param>
                </action>
                <action behavior="Platform" id="11" name="Set enabled" sid="703395929704530" type="playerBlue_stand">
                    <param id="0" name="State">1</param>
                </action>
            </actions>
        </event-block>
    </events>
</c2eventsheet>
