﻿<?xml version="1.0" encoding="utf-8" ?>
<c2eventsheet>
    <!--All the 'name' attributes are ignored by Construct 2 - they are there for readability only.-->
    <name>Event sheet 2</name>
    <events>
        <event-block sid="2932705861584644">
            <conditions>
                <condition id="-2" name="On start of layout" sid="9126306884350883" type="System" />
            </conditions>
            <actions>
                <action id="0" name="Set text" sid="224511097879101" type="Text">
                    <param id="0" name="Text">&quot;Juego Finalizado&quot;</param>
                </action>
                <action id="0" name="Set text" sid="5276920551677925" type="Textsegs">
                    <param id="0" name="Text">&quot;Su Puntaje es:&quot;  &amp; Segments</param>
                </action>
                <action id="0" name="Set text" sid="8028985410777409" type="Textrestart">
                    <param id="0" name="Text">&quot;Presione Cualquier tecla para reintentar&quot;</param>
                </action>
            </actions>
        </event-block>
        <event-block sid="2687634751683839">
            <conditions>
                <condition id="1" name="On any key pressed" sid="9663540380187852" type="Keyboard" />
            </conditions>
            <actions>
                <action id="-21" name="Reset global variables" sid="817812734999027" type="System" />
                <action id="-2" name="Go to layout" sid="6927119687651723" type="System">
                    <param id="0" name="Layout">MainGame</param>
                </action>
            </actions>
        </event-block>
    </events>
</c2eventsheet>
