﻿<?xml version="1.0" encoding="utf-8" ?>
<c2eventsheet>
    <!--All the 'name' attributes are ignored by Construct 2 - they are there for readability only.-->
    <name>Event sheet lvl4</name>
    <events>
        <variable constant="0" name="MetaPoints" sid="796318756754119" static="0" type="number">10</variable>
        <variable constant="0" name="points" sid="202976129531892" static="0" type="number">0</variable>
        <variable constant="0" name="vidalvl4" sid="414895470396789" static="0" type="number">6</variable>
        <variable constant="0" name="level_objetivo" sid="879599297117186" static="0" type="number">10</variable>
        <variable constant="0" name="NoMultiplolvl4" sid="716524457982328" static="0" type="number">0</variable>
        <variable constant="0" name="level_coletados" sid="423588695831839" static="0" type="number">0</variable>
        <variable constant="0" name="linha2" sid="217758916994512" static="0" type="number">0</variable>
        <variable constant="0" name="jogando2" sid="192667528775576" static="0" type="number">0</variable>
        <variable constant="0" name="pontos2" sid="418687707630863" static="0" type="number">0</variable>
        <variable constant="0" name="Multiploslvl4" sid="966222754923196" static="0" type="number">0</variable>
        <variable constant="0" name="factorlvl4" sid="180464608689153" static="0" type="number">7</variable>
        <variable constant="0" name="level" sid="871998662896983" static="0" type="number">1</variable>
        <variable constant="0" name="linha" sid="953822014603156" static="0" type="number">0</variable>
        <variable constant="0" name="jogando" sid="897392482872071" static="0" type="number">0</variable>
        <variable constant="0" name="level_speed" sid="294481579590584" static="0" type="number">0</variable>
        <variable constant="0" name="pontos" sid="771127568920356" static="0" type="number">0</variable>
        <event-block sid="913323178904022">
            <conditions>
                <condition id="-2" name="On start of layout" sid="713592380529625" type="System" />
            </conditions>
            <actions>
                <action id="-9" name="Set value" sid="694643924228343" type="System">
                    <param id="0" name="Variable">linha</param>
                    <param id="1" name="Value">1</param>
                </action>
                <action id="-9" name="Set value" sid="501620297450455" type="System">
                    <param id="0" name="Variable">level_coletados</param>
                    <param id="1" name="Value">0</param>
                </action>
                <action id="-3" name="Set position" sid="747614625149952" type="personagem">
                    <param id="0" name="X">130</param>
                    <param id="1" name="Y">55</param>
                </action>
                <action id="4" name="Set animation" sid="326841515060202" type="personagem">
                    <param id="0" name="Animation">&quot;andando&quot;</param>
                    <param id="1" name="From">1</param>
                </action>
                <action id="-15" name="Set visible" sid="530770924849702" type="cuadroDialogo">
                    <param id="0" name="Visibility">1</param>
                </action>
                <action id="-15" name="Set visible" sid="587480675865576" type="Dialogo">
                    <param id="0" name="Visibility">1</param>
                </action>
                <action id="-15" name="Set visible" sid="965076026477344" type="verificarDialogo">
                    <param id="0" name="Visibility">1</param>
                </action>
                <action id="-9" name="Set value" sid="180228536746496" type="System">
                    <param id="0" name="Variable">pontos</param>
                    <param id="1" name="Value">0</param>
                </action>
                <action id="-9" name="Set value" sid="975028307392263" type="System">
                    <param id="0" name="Variable">level</param>
                    <param id="1" name="Value">0</param>
                </action>
                <action id="-9" name="Set value" sid="327865357876887" type="System">
                    <param id="0" name="Variable">level_coletados</param>
                    <param id="1" name="Value">0</param>
                </action>
                <action id="0" name="Call function" sid="961079736548562" type="Function">
                    <param id="0" name="Name">&quot;level_atualizar&quot;</param>
                    <param id="1" name="Parameter {n}"></param>
                </action>
            </actions>
        </event-block>
        <event-block sid="292101063281448">
            <conditions>
                <condition id="0" name="On collision with another object" sid="650887567882048" type="personagem">
                    <param id="0" name="Object">plataforma</param>
                </condition>
                <condition id="-14" name="Compare variable" sid="726494366988401" type="System">
                    <param id="0" name="Variable">jogando</param>
                    <param id="1" name="Comparison">0</param>
                    <param id="2" name="Value">1</param>
                </condition>
            </conditions>
            <actions>
                <action id="4" name="Set animation" sid="998837746391606" type="personagem">
                    <param id="0" name="Animation">&quot;andando&quot;</param>
                    <param id="1" name="From">1</param>
                </action>
            </actions>
        </event-block>
        <event-block sid="458308675502981">
            <conditions>
                <condition id="0" name="On key pressed" sid="631249928015644" type="Keyboard">
                    <param id="0" name="Key">32 (Barra Espaciadora)</param>
                </condition>
                <condition id="-14" name="Compare variable" sid="550479766470662" type="System">
                    <param id="0" name="Variable">jogando</param>
                    <param id="1" name="Comparison">0</param>
                    <param id="2" name="Value">1</param>
                </condition>
            </conditions>
            <actions>
                <action id="4" name="Set animation" sid="481580376059578" type="personagem">
                    <param id="0" name="Animation">&quot;caindo&quot;</param>
                    <param id="1" name="From">1</param>
                </action>
            </actions>
            <sub-events>
                <event-block sid="952997950104789">
                    <conditions>
                        <condition id="-14" name="Compare variable" sid="304379114750775" type="System">
                            <param id="0" name="Variable">linha</param>
                            <param id="1" name="Comparison">0</param>
                            <param id="2" name="Value">3</param>
                        </condition>
                    </conditions>
                    <actions>
                        <action id="-3" name="Set position" sid="855708725107543" type="personagem">
                            <param id="0" name="X">130</param>
                            <param id="1" name="Y">55</param>
                        </action>
                        <action id="-9" name="Set value" sid="978163511824811" type="System">
                            <param id="0" name="Variable">linha</param>
                            <param id="1" name="Value">1</param>
                        </action>
                    </actions>
                </event-block>
                <event-block sid="247056273890455">
                    <conditions>
                        <condition id="-22" name="Else" sid="461070008535587" type="System" />
                    </conditions>
                    <actions>
                        <action id="-10" name="Add to" sid="636953035723981" type="System">
                            <param id="0" name="Variable">linha</param>
                            <param id="1" name="Value">1</param>
                        </action>
                        <action id="-2" name="Set Y" sid="813696956325930" type="personagem">
                            <param id="0" name="Y">personagem.Y + 70</param>
                        </action>
                    </actions>
                </event-block>
            </sub-events>
        </event-block>
        <event-block sid="128329966629130">
            <conditions>
                <condition id="-6" name="Every X seconds" sid="106339177642152" type="System">
                    <param id="0" name="Interval (seconds)">1.0</param>
                </condition>
                <condition id="-14" name="Compare variable" sid="582626224910750" type="System">
                    <param id="0" name="Variable">jogando</param>
                    <param id="1" name="Comparison">0</param>
                    <param id="2" name="Value">1</param>
                </condition>
            </conditions>
            <actions>
                <action id="0" name="Spawn another object" sid="294260639248197" type="lancador">
                    <param id="0" name="Object">objetos</param>
                    <param id="1" name="Layer">&quot;game&quot;</param>
                    <param id="2" name="Image point">0</param>
                </action>
                <action id="5" name="Set frame" sid="143385501266958" type="objetos">
                    <param id="0" name="Frame number">choose(1,3)</param>
                </action>
                <action id="-2" name="Set Y" sid="181011926166257" type="objetos">
                    <param id="0" name="Y">choose(133,279,421)</param>
                </action>
            </actions>
            <sub-events>
                <event-block sid="896230121703757">
                    <conditions>
                        <condition id="3" name="Compare frame" sid="227553754832579" type="objetos">
                            <param id="0" name="Comparison">0</param>
                            <param id="1" name="Number">3</param>
                        </condition>
                    </conditions>
                    <actions>
                        <action id="-9" name="Set value" sid="610864726511593" type="System">
                            <param id="0" name="Variable">NoMultiplolvl4</param>
                            <param id="1" name="Value">choose(1,2,3,4,5,6) *choose(1,2,3,4,5,6)</param>
                        </action>
                        <action id="-3" name="Create object" sid="886670564044277" type="System">
                            <param id="0" name="Object to create">lvl4Incorrecto</param>
                            <param id="1" name="Layer">1</param>
                            <param id="2" name="X">objetos.X</param>
                            <param id="3" name="Y">objetos.Y</param>
                        </action>
                        <action behavior="Pin" id="0" name="Pin to object" sid="481303666309583" type="lvl4Incorrecto">
                            <param id="0" name="Pin to">objetos</param>
                            <param id="1" name="Mode">1</param>
                        </action>
                        <action id="0" name="Set text" sid="906233101902119" type="lvl4Incorrecto">
                            <param id="0" name="Text">&quot;&quot;&amp;NoMultiplolvl4</param>
                        </action>
                    </actions>
                </event-block>
                <event-block sid="235335083113212">
                    <conditions>
                        <condition id="3" name="Compare frame" sid="703738288409224" type="objetos">
                            <param id="0" name="Comparison">0</param>
                            <param id="1" name="Number">1</param>
                        </condition>
                    </conditions>
                    <actions>
                        <action id="-9" name="Set value" sid="801727118901627" type="System">
                            <param id="0" name="Variable">Multiploslvl4</param>
                            <param id="1" name="Value">factorlvl4*Floor(random(1,10))</param>
                        </action>
                        <action id="-3" name="Create object" sid="478130594241433" type="System">
                            <param id="0" name="Object to create">lvl4Correcto</param>
                            <param id="1" name="Layer">1</param>
                            <param id="2" name="X">objetos.X</param>
                            <param id="3" name="Y">objetos.Y</param>
                        </action>
                        <action behavior="Pin" id="0" name="Pin to object" sid="144599271601911" type="lvl4Correcto">
                            <param id="0" name="Pin to">objetos</param>
                            <param id="1" name="Mode">1</param>
                        </action>
                        <action id="0" name="Set text" sid="138632201666304" type="lvl4Correcto">
                            <param id="0" name="Text">&quot;&quot;&amp;Multiploslvl4</param>
                        </action>
                    </actions>
                </event-block>
            </sub-events>
        </event-block>
        <event-block sid="951994960170160">
            <conditions>
                <condition id="-1" name="Every tick" sid="623629936660335" type="System" />
                <condition id="-14" name="Compare variable" sid="766770090226605" type="System">
                    <param id="0" name="Variable">jogando</param>
                    <param id="1" name="Comparison">0</param>
                    <param id="2" name="Value">1</param>
                </condition>
            </conditions>
            <actions>
                <action id="-1" name="Set X" sid="539937492644703" type="objetos">
                    <param id="0" name="X">objetos.X - 3 * level_speed</param>
                </action>
                <action id="0" name="Set text" sid="179668666120745" type="Puntoslvl4">
                    <param id="0" name="Text">&quot;Puntos: &quot; &amp; points</param>
                </action>
                <action id="0" name="Set text" sid="356179097066773" type="Meta">
                    <param id="0" name="Text">&quot;Meta: &quot;&amp;MetaPoints</param>
                </action>
            </actions>
        </event-block>
        <event-block sid="858829473950748">
            <conditions>
                <condition id="0" name="On collision with another object" sid="403902100092090" type="objetos">
                    <param id="0" name="Object">coletor_objetos</param>
                </condition>
            </conditions>
            <actions>
                <action id="-9" name="Destroy" sid="387581687209079" type="objetos" />
            </actions>
        </event-block>
        <event-block sid="143630800862808">
            <conditions>
                <condition id="0" name="On collision with another object" sid="638182877658305" type="personagem">
                    <param id="0" name="Object">objetos</param>
                </condition>
                <condition id="3" name="Compare frame" sid="419032398934616" type="objetos">
                    <param id="0" name="Comparison">0</param>
                    <param id="1" name="Number">3</param>
                </condition>
            </conditions>
            <actions>
                <action id="-11" name="Subtract from" sid="326724792180536" type="System">
                    <param id="0" name="Variable">vidalvl4</param>
                    <param id="1" name="Value">1</param>
                </action>
            </actions>
        </event-block>
        <event-block sid="868213780729270">
            <conditions>
                <condition id="0" name="On collision with another object" sid="694659178698188" type="personagem">
                    <param id="0" name="Object">objetos</param>
                </condition>
                <condition id="3" name="Compare frame" sid="886265775955962" type="objetos">
                    <param id="0" name="Comparison">0</param>
                    <param id="1" name="Number">1</param>
                </condition>
            </conditions>
            <actions>
                <action id="-10" name="Add to" sid="436281876181146" type="System">
                    <param id="0" name="Variable">points</param>
                    <param id="1" name="Value">1</param>
                </action>
                <action disabled="1" id="-16" name="Wait" sid="539769745268342" type="System">
                    <param id="0" name="Seconds">0.2</param>
                </action>
                <action id="4" name="Set animation" sid="929342191919317" type="objetos">
                    <param id="0" name="Animation">&quot;cajayaliado&quot;</param>
                    <param id="1" name="From">1</param>
                </action>
            </actions>
        </event-block>
        <event-block sid="199983862072561">
            <conditions>
                <condition id="-14" name="Compare variable" sid="472228291299391" type="System">
                    <param id="0" name="Variable">points</param>
                    <param id="1" name="Comparison">0</param>
                    <param id="2" name="Value">MetaPoints</param>
                </condition>
            </conditions>
            <actions>
                <action id="-9" name="Set value" sid="460174600909754" type="System">
                    <param id="0" name="Variable">jogando</param>
                    <param id="1" name="Value">0</param>
                </action>
                <action id="0" name="Set text" sid="708630340158028" type="Dialogo">
                    <param id="0" name="Text">&quot;BIEN HECHO, GANASTE!&#x0D;&#x0A;Clic en X para volver al menu &quot;</param>
                </action>
                <action id="-15" name="Set visible" sid="827408182889247" type="cuadroDialogo">
                    <param id="0" name="Visibility">1</param>
                </action>
                <action id="-15" name="Set visible" sid="375961928497813" type="Dialogo">
                    <param id="0" name="Visibility">1</param>
                </action>
            </actions>
        </event-block>
        <event-block sid="934535205007380">
            <conditions>
                <condition id="6" name="On object clicked" sid="960676501603159" type="Mouse">
                    <param id="0" name="Mouse button">0</param>
                    <param id="1" name="Click type">0</param>
                    <param id="2" name="Object clicked">verificarDialogo</param>
                </condition>
            </conditions>
            <actions>
                <action id="-9" name="Set value" sid="776537449905744" type="System">
                    <param id="0" name="Variable">jogando</param>
                    <param id="1" name="Value">1</param>
                </action>
                <action id="-15" name="Set visible" sid="440332594243855" type="cuadroDialogo">
                    <param id="0" name="Visibility">0</param>
                </action>
                <action id="-15" name="Set visible" sid="180338359640001" type="Dialogo">
                    <param id="0" name="Visibility">0</param>
                </action>
                <action id="-15" name="Set visible" sid="985146524933375" type="verificarDialogo">
                    <param id="0" name="Visibility">0</param>
                </action>
            </actions>
        </event-block>
        <event-block sid="471956446735787">
            <conditions>
                <condition id="6" name="On object clicked" sid="373056250277064" type="Mouse">
                    <param id="0" name="Mouse button">0</param>
                    <param id="1" name="Click type">0</param>
                    <param id="2" name="Object clicked">salir</param>
                </condition>
            </conditions>
            <actions>
                <action id="-2" name="Go to layout" sid="400807233773574" type="System">
                    <param id="0" name="Layout">Mapa</param>
                </action>
            </actions>
        </event-block>
        <event-group description="" sid="434567446552555" title="Vidas2">
            <sub-events>
                <event-block sid="183935654310690">
                    <conditions>
                        <condition id="-14" name="Compare variable" sid="175371721769216" type="System">
                            <param id="0" name="Variable">vidalvl4</param>
                            <param id="1" name="Comparison">0</param>
                            <param id="2" name="Value">6</param>
                        </condition>
                    </conditions>
                    <actions>
                        <action id="5" name="Set frame" sid="205596468194129" type="vida">
                            <param id="0" name="Frame number">0</param>
                        </action>
                    </actions>
                </event-block>
                <event-block sid="223113760934826">
                    <conditions>
                        <condition id="-14" name="Compare variable" sid="510037451173059" type="System">
                            <param id="0" name="Variable">vidalvl4</param>
                            <param id="1" name="Comparison">0</param>
                            <param id="2" name="Value">5</param>
                        </condition>
                    </conditions>
                    <actions>
                        <action id="5" name="Set frame" sid="582590640982472" type="vida">
                            <param id="0" name="Frame number">1</param>
                        </action>
                    </actions>
                </event-block>
                <event-block sid="328504429697584">
                    <conditions>
                        <condition id="-14" name="Compare variable" sid="850376579554153" type="System">
                            <param id="0" name="Variable">vidalvl4</param>
                            <param id="1" name="Comparison">0</param>
                            <param id="2" name="Value">4</param>
                        </condition>
                    </conditions>
                    <actions>
                        <action id="5" name="Set frame" sid="304109197354988" type="vida">
                            <param id="0" name="Frame number">2</param>
                        </action>
                    </actions>
                </event-block>
                <event-block sid="198940854097485">
                    <conditions>
                        <condition id="-14" name="Compare variable" sid="695406136243497" type="System">
                            <param id="0" name="Variable">vidalvl4</param>
                            <param id="1" name="Comparison">0</param>
                            <param id="2" name="Value">3</param>
                        </condition>
                    </conditions>
                    <actions>
                        <action id="5" name="Set frame" sid="127397082671098" type="vida">
                            <param id="0" name="Frame number">3</param>
                        </action>
                    </actions>
                </event-block>
                <event-block sid="766260186864345">
                    <conditions>
                        <condition id="-14" name="Compare variable" sid="445939508445941" type="System">
                            <param id="0" name="Variable">vidalvl4</param>
                            <param id="1" name="Comparison">0</param>
                            <param id="2" name="Value">2</param>
                        </condition>
                    </conditions>
                    <actions>
                        <action id="5" name="Set frame" sid="644253432671591" type="vida">
                            <param id="0" name="Frame number">4</param>
                        </action>
                    </actions>
                </event-block>
                <event-block sid="156387885072994">
                    <conditions>
                        <condition id="-14" name="Compare variable" sid="897135589783865" type="System">
                            <param id="0" name="Variable">vidalvl4</param>
                            <param id="1" name="Comparison">0</param>
                            <param id="2" name="Value">1</param>
                        </condition>
                    </conditions>
                    <actions>
                        <action id="5" name="Set frame" sid="533914703450785" type="vida">
                            <param id="0" name="Frame number">5</param>
                        </action>
                    </actions>
                </event-block>
                <event-block sid="725768895079909">
                    <conditions>
                        <condition id="-14" name="Compare variable" sid="776585733670204" type="System">
                            <param id="0" name="Variable">vidalvl4</param>
                            <param id="1" name="Comparison">0</param>
                            <param id="2" name="Value">0</param>
                        </condition>
                    </conditions>
                    <actions>
                        <action id="5" name="Set frame" sid="120198223996635" type="vida">
                            <param id="0" name="Frame number">6</param>
                        </action>
                        <action id="4" name="Set animation" sid="943005204018273" type="personagem">
                            <param id="0" name="Animation">&quot;morto&quot;</param>
                            <param id="1" name="From">1</param>
                        </action>
                        <action id="-9" name="Set value" sid="859999367646425" type="System">
                            <param id="0" name="Variable">jogando</param>
                            <param id="1" name="Value">0</param>
                        </action>
                        <action id="0" name="Set text" sid="895385618599340" type="Dialogo">
                            <param id="0" name="Text">&quot;PERDISTE :c&#x0D;&#x0A;&#x0D;&#x0A;Clic en X para volver al menu &quot;</param>
                        </action>
                        <action id="-15" name="Set visible" sid="433059282942192" type="cuadroDialogo">
                            <param id="0" name="Visibility">1</param>
                        </action>
                        <action id="-15" name="Set visible" sid="341356518783726" type="Dialogo">
                            <param id="0" name="Visibility">1</param>
                        </action>
                    </actions>
                </event-block>
            </sub-events>
        </event-group>
        <event-block sid="450020468855805">
            <conditions>
                <condition id="0" name="On function" sid="645125708865713" type="Function">
                    <param id="0" name="Name">&quot;level_atualizar&quot;</param>
                </condition>
            </conditions>
            <actions>
                <action id="-10" name="Add to" sid="775353112535965" type="System">
                    <param id="0" name="Variable">level</param>
                    <param id="1" name="Value">1</param>
                </action>
                <action id="-9" name="Set value" sid="251393738397953" type="System">
                    <param id="0" name="Variable">level_objetivo</param>
                    <param id="1" name="Value">10 + (2*level)</param>
                </action>
                <action id="-9" name="Set value" sid="174277920236977" type="System">
                    <param id="0" name="Variable">level_speed</param>
                    <param id="1" name="Value">1 + (0.1 * level)</param>
                </action>
                <action id="-9" name="Set value" sid="710960422710982" type="System">
                    <param id="0" name="Variable">level_coletados</param>
                    <param id="1" name="Value">0</param>
                </action>
                <action id="0" name="Set text" sid="107383578788583" type="level_display">
                    <param id="0" name="Text">&quot;Leve: &quot; &amp; level</param>
                </action>
                <action id="0" name="Set text" sid="379162258295871" type="objetivo_display">
                    <param id="0" name="Text">&quot;Meta: &quot; &amp; level_objetivo</param>
                </action>
            </actions>
        </event-block>
        <event-block sid="197654575689431">
            <conditions>
                <condition id="-8" name="Compare two values" sid="512884919248420" type="System">
                    <param id="0" name="First value">level_coletados</param>
                    <param id="1" name="Comparison">0</param>
                    <param id="2" name="Second value">level_objetivo</param>
                </condition>
            </conditions>
            <actions>
                <action id="0" name="Call function" sid="468669521061895" type="Function">
                    <param id="0" name="Name">&quot;level_atualizar&quot;</param>
                    <param id="1" name="Parameter {n}"></param>
                </action>
            </actions>
        </event-block>
    </events>
</c2eventsheet>
