﻿<?xml version="1.0" encoding="utf-8" ?>
<c2eventsheet>
    <!--All the 'name' attributes are ignored by Construct 2 - they are there for readability only.-->
    <name>Event sheet snakeAntiguo</name>
    <events>
        <variable constant="0" name="i" sid="217615879388764" static="0" type="number">0</variable>
        <variable constant="0" name="randomNoprimo" sid="786257508708057" static="0" type="number">0</variable>
        <variable constant="0" name="timeOffset" sid="324834580283584" static="0" type="number">2</variable>
        <variable constant="0" name="SnakeSpeed" sid="561918259166714" static="0" type="number">0.5</variable>
        <variable constant="0" name="DebugCheck" sid="674461620971451" static="0" type="number">0</variable>
        <variable constant="0" name="BoundsCheck" sid="202236827573768" static="0" type="number">0</variable>
        <variable constant="0" name="Segments" sid="399294893516874" static="0" type="number">3</variable>
        <variable constant="0" name="yDirection" sid="944875329068075" static="0" type="number">0</variable>
        <variable constant="0" name="xDirection" sid="954177028143175" static="0" type="number">0</variable>
        <variable constant="0" name="snakeY" sid="983923356188433" static="0" type="number">0</variable>
        <variable constant="0" name="Desaciertos" sid="106921890363195" static="0" type="number">0</variable>
        <variable constant="0" name="Aciertos" sid="613953117187025" static="0" type="number">0</variable>
        <variable constant="0" name="snakeX" sid="389392241918619" static="0" type="number">0</variable>
        <event-block sid="178909908802099">
            <conditions>
                <condition id="-2" name="On start of layout" sid="204557743171057" type="System" />
            </conditions>
            <actions>
                <action id="0" name="Clear" sid="867173803169801" type="Array" />
                <action id="-9" name="Set value" sid="708368858967674" type="System">
                    <param id="0" name="Variable">snakeX</param>
                    <param id="1" name="Value">10</param>
                </action>
                <action id="-9" name="Set value" sid="304853691535603" type="System">
                    <param id="0" name="Variable">snakeY</param>
                    <param id="1" name="Value">15</param>
                </action>
                <action id="-9" name="Set value" sid="786617232668709" type="System">
                    <param id="0" name="Variable">xDirection</param>
                    <param id="1" name="Value">0</param>
                </action>
                <action id="-9" name="Set value" sid="974311000496009" type="System">
                    <param id="0" name="Variable">yDirection</param>
                    <param id="1" name="Value">-1</param>
                </action>
                <action id="2" name="Set at X" sid="375089490415261" type="numPrimos">
                    <param id="0" name="X">0</param>
                    <param id="1" name="Value">2</param>
                </action>
                <action id="2" name="Set at X" sid="211148222822124" type="numPrimos">
                    <param id="0" name="X">1</param>
                    <param id="1" name="Value">3</param>
                </action>
                <action id="2" name="Set at X" sid="179604388654766" type="numPrimos">
                    <param id="0" name="X">2</param>
                    <param id="1" name="Value">5</param>
                </action>
                <action id="2" name="Set at X" sid="927107531980333" type="numPrimos">
                    <param id="0" name="X">3</param>
                    <param id="1" name="Value">7</param>
                </action>
                <action id="2" name="Set at X" sid="515070366620006" type="numPrimos">
                    <param id="0" name="X">4</param>
                    <param id="1" name="Value">11</param>
                </action>
                <action id="2" name="Set at X" sid="146718790508768" type="numPrimos">
                    <param id="0" name="X">5</param>
                    <param id="1" name="Value">13</param>
                </action>
                <action id="2" name="Set at X" sid="992819933021115" type="numPrimos">
                    <param id="0" name="X">6</param>
                    <param id="1" name="Value">17</param>
                </action>
                <action id="2" name="Set at X" sid="320601217463750" type="numPrimos">
                    <param id="0" name="X">7</param>
                    <param id="1" name="Value">19</param>
                </action>
                <action id="2" name="Set at X" sid="715937274263338" type="numPrimos">
                    <param id="0" name="X">8</param>
                    <param id="1" name="Value">23</param>
                </action>
                <action id="2" name="Set at X" sid="432091434223706" type="numPrimos">
                    <param id="0" name="X">9</param>
                    <param id="1" name="Value">29</param>
                </action>
                <action id="2" name="Set at X" sid="812568780621565" type="numPrimos">
                    <param id="0" name="X">10</param>
                    <param id="1" name="Value">31</param>
                </action>
                <action id="2" name="Set at X" sid="817879215674299" type="numPrimos">
                    <param id="0" name="X">11</param>
                    <param id="1" name="Value">31</param>
                </action>
                <action id="2" name="Set at X" sid="722615412118027" type="numPrimos">
                    <param id="0" name="X">12</param>
                    <param id="1" name="Value">31</param>
                </action>
                <action id="2" name="Set at X" sid="856732987197396" type="numPrimos">
                    <param id="0" name="X">13</param>
                    <param id="1" name="Value">31</param>
                </action>
                <action id="2" name="Set at X" sid="774735687787425" type="numPrimos">
                    <param id="0" name="X">14</param>
                    <param id="1" name="Value">31</param>
                </action>
                <action id="2" name="Set at X" sid="548153653042660" type="numPrimos">
                    <param id="0" name="X">15</param>
                    <param id="1" name="Value">31</param>
                </action>
                <action id="2" name="Set at X" sid="568381566102433" type="numPrimos">
                    <param id="0" name="X">16</param>
                    <param id="1" name="Value">31</param>
                </action>
                <action id="2" name="Set at X" sid="511723464720835" type="numPrimos">
                    <param id="0" name="X">17</param>
                    <param id="1" name="Value">31</param>
                </action>
                <action id="2" name="Set at X" sid="135569556479616" type="numPrimos">
                    <param id="0" name="X">18</param>
                    <param id="1" name="Value">31</param>
                </action>
                <action id="2" name="Set at X" sid="600007771019489" type="numPrimos">
                    <param id="0" name="X">19</param>
                    <param id="1" name="Value">31</param>
                </action>
                <action id="2" name="Set at X" sid="195350658986936" type="numPrimos">
                    <param id="0" name="X">20</param>
                    <param id="1" name="Value">31</param>
                </action>
                <action id="2" name="Set at X" sid="382761980882420" type="numPrimos">
                    <param id="0" name="X">20</param>
                    <param id="1" name="Value">31</param>
                </action>
                <action id="2" name="Set at X" sid="867784697875343" type="numPrimos">
                    <param id="0" name="X">20</param>
                    <param id="1" name="Value">31</param>
                </action>
                <action id="2" name="Set at X" sid="707448593693331" type="numPrimos">
                    <param id="0" name="X">20</param>
                    <param id="1" name="Value">31</param>
                </action>
                <action id="2" name="Set at X" sid="687198352386989" type="numPrimos">
                    <param id="0" name="X">20</param>
                    <param id="1" name="Value">31</param>
                </action>
            </actions>
        </event-block>
        <event-block sid="287749559476627">
            <conditions>
                <condition id="-6" name="Every X seconds" sid="295632195160693" type="System">
                    <param id="0" name="Interval (seconds)">5-Segments*timeOffset*dt</param>
                </condition>
            </conditions>
            <actions>
                <action id="-3" name="Create object" sid="608983524363867" type="System">
                    <param id="0" name="Object to create">food</param>
                    <param id="1" name="Layer">1</param>
                    <param id="2" name="X">int(random(19)+1)*32-16</param>
                    <param id="3" name="Y">int(random(14)+1)*32-16</param>
                </action>
                <action id="-13" name="Set boolean" sid="566354477712278" type="food">
                    <param id="0" name="Instance variable">Estado</param>
                    <param id="1" name="Value">1</param>
                </action>
                <action id="-3" name="Create object" sid="726719234777806" type="System">
                    <param id="0" name="Object to create">foodNoprimo</param>
                    <param id="1" name="Layer">1</param>
                    <param id="2" name="X">int(random(19)+1)*32-16</param>
                    <param id="3" name="Y">int(random(14)+1)*32-16</param>
                </action>
                <action id="-13" name="Set boolean" sid="201461787811734" type="foodNoprimo">
                    <param id="0" name="Instance variable">Estado</param>
                    <param id="1" name="Value">1</param>
                </action>
            </actions>
        </event-block>
        <event-block sid="452229135867118">
            <conditions>
                <condition id="-6" name="Every X seconds" sid="138911907027686" type="System">
                    <param id="0" name="Interval (seconds)">SnakeSpeed-Segments*timeOffset*dt</param>
                </condition>
            </conditions>
            <actions>
                <action id="-9" name="Destroy" sid="247149940516341" type="head" />
                <action id="-9" name="Set value" sid="738584516165834" type="System">
                    <param id="0" name="Variable">snakeX</param>
                    <param id="1" name="Value">snakeX+xDirection</param>
                </action>
                <action id="-9" name="Set value" sid="344708549892504" type="System">
                    <param id="0" name="Variable">snakeY</param>
                    <param id="1" name="Value">snakeY+yDirection</param>
                </action>
            </actions>
            <sub-events>
                <event-block sid="731897878243031">
                    <conditions>
                        <condition id="1" name="Compare at XY" sid="374628775281116" type="Array">
                            <param id="0" name="X">snakeX</param>
                            <param id="1" name="Y">snakeY</param>
                            <param id="2" name="Comparison">4</param>
                            <param id="3" name="Value">0</param>
                        </condition>
                    </conditions>
                    <actions>
                        <action id="-2" name="Go to layout" sid="189144946180530" type="System">
                            <param id="0" name="Layout">GameOver</param>
                        </action>
                    </actions>
                </event-block>
                <comment>If snake collides with food, add a segment, which will also increase snake speed.</comment>
                <event-block sid="738230219234479">
                    <conditions>
                        <condition id="0" name="On collision with another object" sid="452117345418945" type="head">
                            <param id="0" name="Object">foodNoprimo</param>
                        </condition>
                    </conditions>
                    <actions>
                        <action id="-9" name="Destroy" sid="809721297291624" type="foodNoprimo" />
                        <action id="3" name="Set at XY" sid="394682332996644" type="Array">
                            <param id="0" name="X">snakeX</param>
                            <param id="1" name="Y">snakeY</param>
                            <param id="2" name="Value">Segments</param>
                        </action>
                        <action id="-9" name="Destroy" sid="240960254067593" type="noprimo" />
                        <action id="-10" name="Add to" sid="381174397928233" type="System">
                            <param id="0" name="Variable">Desaciertos</param>
                            <param id="1" name="Value">1</param>
                        </action>
                        <action id="0" name="Set text" sid="888830846240741" type="imprimirDesaciertos">
                            <param id="0" name="Text">&quot;Desaciertos: &quot;&amp;Desaciertos</param>
                        </action>
                        <action id="-10" name="Add to" sid="446221635200758" type="System">
                            <param id="0" name="Variable">Segments</param>
                            <param id="1" name="Value">-1</param>
                        </action>
                        <action id="-9" name="Destroy" sid="914895943832362" type="food" />
                        <action id="-9" name="Destroy" sid="747419905712485" type="primo" />
                    </actions>
                    <sub-events>
                        <event-block sid="711835964686759">
                            <conditions>
                                <condition id="-10" name="For" sid="759821464057837" type="System">
                                    <param id="0" name="Name">&quot;y1&quot;</param>
                                    <param id="1" name="Start index">0</param>
                                    <param id="2" name="End index">15</param>
                                </condition>
                                <condition id="-10" name="For" sid="167117816301141" type="System">
                                    <param id="0" name="Name">&quot;x1&quot;</param>
                                    <param id="1" name="Start index">0</param>
                                    <param id="2" name="End index">20</param>
                                </condition>
                            </conditions>
                            <actions />
                            <sub-events>
                                <event-block sid="152290285924528">
                                    <conditions>
                                        <condition id="1" name="Compare at XY" sid="784603944344806" type="Array">
                                            <param id="0" name="X">loopindex(&quot;x1&quot;)</param>
                                            <param id="1" name="Y">loopindex(&quot;y1&quot;)</param>
                                            <param id="2" name="Comparison">4</param>
                                            <param id="3" name="Value">0</param>
                                        </condition>
                                    </conditions>
                                    <actions>
                                        <action id="3" name="Set at XY" sid="420834769586319" type="Array">
                                            <param id="0" name="X">loopindex(&quot;x1&quot;)</param>
                                            <param id="1" name="Y">loopindex(&quot;y1&quot;)</param>
                                            <param id="2" name="Value">Array.At(loopindex(&quot;x1&quot;),loopindex(&quot;y1&quot;))+1</param>
                                        </action>
                                    </actions>
                                </event-block>
                            </sub-events>
                        </event-block>
                    </sub-events>
                </event-block>
                <event-block sid="322952350701692">
                    <conditions>
                        <condition id="0" name="On collision with another object" sid="196145148533583" type="head">
                            <param id="0" name="Object">food</param>
                        </condition>
                    </conditions>
                    <actions>
                        <action id="-9" name="Destroy" sid="998324295318374" type="food" />
                        <action id="3" name="Set at XY" sid="659319990585511" type="Array">
                            <param id="0" name="X">snakeX</param>
                            <param id="1" name="Y">snakeY</param>
                            <param id="2" name="Value">Segments</param>
                        </action>
                        <action id="-10" name="Add to" sid="166823255101153" type="System">
                            <param id="0" name="Variable">Aciertos</param>
                            <param id="1" name="Value">1</param>
                        </action>
                        <action id="0" name="Set text" sid="407150896056936" type="imprimirAciertos">
                            <param id="0" name="Text">&quot;Aciertos: &quot;&amp;Aciertos</param>
                        </action>
                        <action id="-10" name="Add to" sid="180134173064294" type="System">
                            <param id="0" name="Variable">Segments</param>
                            <param id="1" name="Value">1</param>
                        </action>
                        <action id="-9" name="Destroy" sid="995228891836364" type="primo" />
                        <action id="-9" name="Destroy" sid="441012589366865" type="foodNoprimo" />
                        <action id="-9" name="Destroy" sid="527522344055454" type="noprimo" />
                    </actions>
                    <sub-events>
                        <event-block sid="971098203930457">
                            <conditions>
                                <condition id="-10" name="For" sid="653138163697842" type="System">
                                    <param id="0" name="Name">&quot;y1&quot;</param>
                                    <param id="1" name="Start index">0</param>
                                    <param id="2" name="End index">15</param>
                                </condition>
                                <condition id="-10" name="For" sid="948675552111213" type="System">
                                    <param id="0" name="Name">&quot;x1&quot;</param>
                                    <param id="1" name="Start index">0</param>
                                    <param id="2" name="End index">20</param>
                                </condition>
                            </conditions>
                            <actions />
                            <sub-events>
                                <event-block sid="510687730453792">
                                    <conditions>
                                        <condition id="1" name="Compare at XY" sid="484143792085361" type="Array">
                                            <param id="0" name="X">loopindex(&quot;x1&quot;)</param>
                                            <param id="1" name="Y">loopindex(&quot;y1&quot;)</param>
                                            <param id="2" name="Comparison">4</param>
                                            <param id="3" name="Value">0</param>
                                        </condition>
                                    </conditions>
                                    <actions>
                                        <action id="3" name="Set at XY" sid="586240908085982" type="Array">
                                            <param id="0" name="X">loopindex(&quot;x1&quot;)</param>
                                            <param id="1" name="Y">loopindex(&quot;y1&quot;)</param>
                                            <param id="2" name="Value">Array.At(loopindex(&quot;x1&quot;),loopindex(&quot;y1&quot;))+1</param>
                                        </action>
                                    </actions>
                                </event-block>
                            </sub-events>
                        </event-block>
                    </sub-events>
                </event-block>
                <comment>Check to see if snake leaves viewport</comment>
                <event-block sid="884683838684630">
                    <conditions>
                        <condition id="-1" name="Every tick" sid="757455946681546" type="System" />
                    </conditions>
                    <actions>
                        <action id="3" name="Set at XY" sid="990798496146628" type="Array">
                            <param id="0" name="X">snakeX</param>
                            <param id="1" name="Y">snakeY</param>
                            <param id="2" name="Value">Segments</param>
                        </action>
                        <action id="-9" name="Set value" sid="712237880599651" type="System">
                            <param id="0" name="Variable">BoundsCheck</param>
                            <param id="1" name="Value">(snakeY&lt;1 | snakeY&gt;15) | (snakeX&lt;1 | snakeX &gt; 20)</param>
                        </action>
                    </actions>
                    <sub-events>
                        <event-block sid="503095432727098">
                            <conditions>
                                <condition id="-14" name="Compare variable" sid="673505914885510" type="System">
                                    <param id="0" name="Variable">BoundsCheck</param>
                                    <param id="1" name="Comparison">4</param>
                                    <param id="2" name="Value">0</param>
                                </condition>
                            </conditions>
                            <actions>
                                <action id="-2" name="Go to layout" sid="345222760977114" type="System">
                                    <param id="0" name="Layout">GameOver</param>
                                </action>
                            </actions>
                        </event-block>
                    </sub-events>
                </event-block>
                <comment>Iterate through array and create snake segments</comment>
                <event-block sid="312387434414733">
                    <conditions>
                        <condition id="-10" name="For" sid="883476476983471" type="System">
                            <param id="0" name="Name">&quot;j&quot;</param>
                            <param id="1" name="Start index">0</param>
                            <param id="2" name="End index">15</param>
                        </condition>
                        <condition id="-10" name="For" sid="294639301698328" type="System">
                            <param id="0" name="Name">&quot;i&quot;</param>
                            <param id="1" name="Start index">0</param>
                            <param id="2" name="End index">20</param>
                        </condition>
                    </conditions>
                    <actions />
                    <sub-events>
                        <event-block sid="131250192729695">
                            <conditions>
                                <condition id="1" name="Compare at XY" sid="732652358042203" type="Array">
                                    <param id="0" name="X">loopindex(&quot;i&quot;)</param>
                                    <param id="1" name="Y">loopindex(&quot;j&quot;)</param>
                                    <param id="2" name="Comparison">4</param>
                                    <param id="3" name="Value">0</param>
                                </condition>
                            </conditions>
                            <actions>
                                <action id="3" name="Set at XY" sid="159368031810288" type="Array">
                                    <param id="0" name="X">loopindex(&quot;i&quot;)</param>
                                    <param id="1" name="Y">loopindex(&quot;j&quot;)</param>
                                    <param id="2" name="Value">Array.At(loopindex(&quot;i&quot;),loopindex(&quot;j&quot;))-1</param>
                                </action>
                                <action id="-3" name="Create object" sid="365729721749764" type="System">
                                    <param id="0" name="Object to create">head</param>
                                    <param id="1" name="Layer">1</param>
                                    <param id="2" name="X">32*LoopIndex(&quot;i&quot;)-16</param>
                                    <param id="3" name="Y">32*LoopIndex(&quot;j&quot;)-16</param>
                                </action>
                            </actions>
                        </event-block>
                    </sub-events>
                </event-block>
            </sub-events>
        </event-block>
        <event-block sid="174157470812828">
            <conditions>
                <condition id="-14" name="Compare variable" sid="208203046072009" type="System">
                    <param id="0" name="Variable">yDirection</param>
                    <param id="1" name="Comparison">0</param>
                    <param id="2" name="Value">0</param>
                </condition>
            </conditions>
            <actions />
            <sub-events>
                <event-block sid="390559677782774">
                    <conditions>
                        <condition id="0" name="On key pressed" sid="465005392224617" type="Keyboard">
                            <param id="0" name="Key">38 (Up arrow)</param>
                        </condition>
                    </conditions>
                    <actions>
                        <action id="-9" name="Set value" sid="268672843873397" type="System">
                            <param id="0" name="Variable">xDirection</param>
                            <param id="1" name="Value">0</param>
                        </action>
                        <action id="-9" name="Set value" sid="594748053741596" type="System">
                            <param id="0" name="Variable">yDirection</param>
                            <param id="1" name="Value">-1</param>
                        </action>
                    </actions>
                </event-block>
                <event-block sid="167517725246886">
                    <conditions>
                        <condition id="0" name="On key pressed" sid="534921978425136" type="Keyboard">
                            <param id="0" name="Key">40 (Down arrow)</param>
                        </condition>
                    </conditions>
                    <actions>
                        <action id="-9" name="Set value" sid="458739756110786" type="System">
                            <param id="0" name="Variable">xDirection</param>
                            <param id="1" name="Value">0</param>
                        </action>
                        <action id="-9" name="Set value" sid="889972820269248" type="System">
                            <param id="0" name="Variable">yDirection</param>
                            <param id="1" name="Value">1</param>
                        </action>
                    </actions>
                </event-block>
            </sub-events>
        </event-block>
        <event-block sid="137374546642132">
            <conditions>
                <condition id="-14" name="Compare variable" sid="690952128841329" type="System">
                    <param id="0" name="Variable">xDirection</param>
                    <param id="1" name="Comparison">0</param>
                    <param id="2" name="Value">0</param>
                </condition>
            </conditions>
            <actions />
            <sub-events>
                <event-block sid="431873479314386">
                    <conditions>
                        <condition id="0" name="On key pressed" sid="192562908177986" type="Keyboard">
                            <param id="0" name="Key">37 (Left arrow)</param>
                        </condition>
                    </conditions>
                    <actions>
                        <action id="-9" name="Set value" sid="611037436831340" type="System">
                            <param id="0" name="Variable">xDirection</param>
                            <param id="1" name="Value">-1</param>
                        </action>
                        <action id="-9" name="Set value" sid="771610842095924" type="System">
                            <param id="0" name="Variable">yDirection</param>
                            <param id="1" name="Value">0</param>
                        </action>
                    </actions>
                </event-block>
                <event-block sid="127768132821705">
                    <conditions>
                        <condition id="0" name="On key pressed" sid="508688103513361" type="Keyboard">
                            <param id="0" name="Key">39 (Right arrow)</param>
                        </condition>
                    </conditions>
                    <actions>
                        <action id="-9" name="Set value" sid="918778209033080" type="System">
                            <param id="0" name="Variable">xDirection</param>
                            <param id="1" name="Value">1</param>
                        </action>
                        <action id="-9" name="Set value" sid="206157197676515" type="System">
                            <param id="0" name="Variable">yDirection</param>
                            <param id="1" name="Value">0</param>
                        </action>
                    </actions>
                </event-block>
            </sub-events>
        </event-block>
        <event-block sid="227742579787412">
            <conditions>
                <condition id="-14" name="Compare variable" sid="154925975605230" type="System">
                    <param id="0" name="Variable">DebugCheck</param>
                    <param id="1" name="Comparison">0</param>
                    <param id="2" name="Value">1</param>
                </condition>
            </conditions>
            <actions />
            <sub-events>
                <event-block sid="151016567640136">
                    <conditions>
                        <condition id="-1" name="Every tick" sid="175723021166777" type="System" />
                    </conditions>
                    <actions>
                        <action id="-15" name="Set visible" sid="163990298357169" type="snakepos">
                            <param id="0" name="Visibility">1</param>
                        </action>
                        <action id="0" name="Set text" sid="460096951664211" type="snakepos">
                            <param id="0" name="Text">snakeX &amp; &quot;, &quot; &amp; snakeY &amp; &quot;Segments:&quot; &amp; Segments</param>
                        </action>
                    </actions>
                </event-block>
                <event-block sid="659757730026717">
                    <conditions>
                        <condition id="-22" name="Else" sid="541224746076743" type="System" />
                    </conditions>
                    <actions>
                        <action id="-15" name="Set visible" sid="422591512251482" type="snakepos">
                            <param id="0" name="Visibility">0</param>
                        </action>
                    </actions>
                </event-block>
            </sub-events>
        </event-block>
        <event-block sid="156415831648518">
            <conditions>
                <condition id="-8" name="Is boolean instance variable set" sid="933354946853600" type="food">
                    <param id="0" name="Instance variable">Estado</param>
                </condition>
            </conditions>
            <actions>
                <action id="-9" name="Set value" sid="341649394633998" type="System">
                    <param id="0" name="Variable">i</param>
                    <param id="1" name="Value">Floor(random(0,24))</param>
                </action>
                <action id="-3" name="Create object" sid="938314766792119" type="System">
                    <param id="0" name="Object to create">primo</param>
                    <param id="1" name="Layer">1</param>
                    <param id="2" name="X">food.X</param>
                    <param id="3" name="Y">food.Y</param>
                </action>
                <action id="0" name="Set text" sid="602433347669190" type="primo">
                    <param id="0" name="Text">&quot;&quot;&amp;numprimos.At(i)</param>
                </action>
                <action behavior="Pin" id="0" name="Pin to object" sid="675045371424973" type="primo">
                    <param id="0" name="Pin to">food</param>
                    <param id="1" name="Mode">1</param>
                </action>
                <action id="-13" name="Set boolean" sid="996567133115323" type="food">
                    <param id="0" name="Instance variable">Estado</param>
                    <param id="1" name="Value">0</param>
                </action>
            </actions>
        </event-block>
        <event-block sid="890691207745148">
            <conditions>
                <condition id="-8" name="Is boolean instance variable set" sid="878062293071154" type="foodNoprimo">
                    <param id="0" name="Instance variable">Estado</param>
                </condition>
            </conditions>
            <actions>
                <action id="-9" name="Set value" sid="128449621801288" type="System">
                    <param id="0" name="Variable">randomNoprimo</param>
                    <param id="1" name="Value">2*(Floor(random(3,99)))</param>
                </action>
                <action id="-3" name="Create object" sid="351293829136001" type="System">
                    <param id="0" name="Object to create">noprimo</param>
                    <param id="1" name="Layer">1</param>
                    <param id="2" name="X">foodNoprimo.X</param>
                    <param id="3" name="Y">foodNoprimo.Y</param>
                </action>
                <action id="0" name="Set text" sid="126005560687756" type="noprimo">
                    <param id="0" name="Text">&quot;&quot;&amp;randomNoprimo</param>
                </action>
                <action behavior="Pin" id="0" name="Pin to object" sid="675464673475944" type="noprimo">
                    <param id="0" name="Pin to">foodNoprimo</param>
                    <param id="1" name="Mode">1</param>
                </action>
                <action id="-13" name="Set boolean" sid="299992788317113" type="foodNoprimo">
                    <param id="0" name="Instance variable">Estado</param>
                    <param id="1" name="Value">0</param>
                </action>
            </actions>
        </event-block>
    </events>
</c2eventsheet>
