﻿<?xml version="1.0" encoding="utf-8" ?>
<c2eventsheet>
    <!--All the 'name' attributes are ignored by Construct 2 - they are there for readability only.-->
    <name>Event sheet lvl3</name>
    <events>
        <variable constant="0" name="Puntos" sid="799964060236560" static="0" type="number">50</variable>
        <variable constant="0" name="Cola" sid="318190078648664" static="0" type="number">1</variable>
        <event-block sid="313507587183952">
            <conditions>
                <condition id="-2" name="On start of layout" sid="779029034686120" type="System" />
            </conditions>
            <actions>
                <action id="-3" name="Set position" sid="717794730824628" type="Bolitas">
                    <param id="0" name="X">random(700)+50</param>
                    <param id="1" name="Y">random(400)+50</param>
                </action>
                <action id="0" name="Set text" sid="512903870634893" type="Puntos">
                    <param id="0" name="Text">&quot;Puntaje: &quot;&amp;Puntos</param>
                </action>
                <action id="0" name="Set text" sid="170530955233703" type="GameOver">
                    <param id="0" name="Text">&quot;&quot;</param>
                </action>
                <action id="-3" name="Set position" sid="213841289521953" type="Bolitas2">
                    <param id="0" name="X">random(700)+50</param>
                    <param id="1" name="Y">random(400)+50</param>
                </action>
                <action id="2" name="Set at X" sid="107117977503729" type="numerosPrimos">
                    <param id="0" name="X">0</param>
                    <param id="1" name="Value">2</param>
                </action>
                <action id="2" name="Set at X" sid="484025114293038" type="numerosPrimos">
                    <param id="0" name="X">1</param>
                    <param id="1" name="Value">3</param>
                </action>
                <action id="2" name="Set at X" sid="858605913934886" type="numerosPrimos">
                    <param id="0" name="X">2</param>
                    <param id="1" name="Value">5</param>
                </action>
                <action id="2" name="Set at X" sid="827292021297296" type="numerosPrimos">
                    <param id="0" name="X">3</param>
                    <param id="1" name="Value">7</param>
                </action>
                <action id="2" name="Set at X" sid="622260684933174" type="numerosPrimos">
                    <param id="0" name="X">4</param>
                    <param id="1" name="Value">11</param>
                </action>
                <action id="2" name="Set at X" sid="215356290809577" type="numerosPrimos">
                    <param id="0" name="X">5</param>
                    <param id="1" name="Value">13</param>
                </action>
                <action id="2" name="Set at X" sid="496314613915717" type="numerosPrimos">
                    <param id="0" name="X">6</param>
                    <param id="1" name="Value">17</param>
                </action>
                <action id="2" name="Set at X" sid="975857493244026" type="numerosPrimos">
                    <param id="0" name="X">7</param>
                    <param id="1" name="Value">19</param>
                </action>
                <action id="2" name="Set at X" sid="513455169790993" type="numerosPrimos">
                    <param id="0" name="X">8</param>
                    <param id="1" name="Value">23</param>
                </action>
                <action id="2" name="Set at X" sid="911359907285198" type="numerosPrimos">
                    <param id="0" name="X">9</param>
                    <param id="1" name="Value">29</param>
                </action>
                <action id="2" name="Set at X" sid="574556790957505" type="numerosPrimos">
                    <param id="0" name="X">10</param>
                    <param id="1" name="Value">31</param>
                </action>
                <action id="2" name="Set at X" sid="444925229236797" type="numerosPrimos">
                    <param id="0" name="X">11</param>
                    <param id="1" name="Value">37</param>
                </action>
                <action id="2" name="Set at X" sid="424256836563786" type="numerosPrimos">
                    <param id="0" name="X">12</param>
                    <param id="1" name="Value">41</param>
                </action>
                <action id="2" name="Set at X" sid="130577859523165" type="numerosPrimos">
                    <param id="0" name="X">13</param>
                    <param id="1" name="Value">43</param>
                </action>
                <action id="2" name="Set at X" sid="798310784140705" type="numerosPrimos">
                    <param id="0" name="X">14</param>
                    <param id="1" name="Value">47</param>
                </action>
                <action id="2" name="Set at X" sid="196855073462340" type="numerosPrimos">
                    <param id="0" name="X">15</param>
                    <param id="1" name="Value">53</param>
                </action>
                <action id="2" name="Set at X" sid="701618401396221" type="numerosPrimos">
                    <param id="0" name="X">16</param>
                    <param id="1" name="Value">59</param>
                </action>
                <action id="2" name="Set at X" sid="342058480536679" type="numerosPrimos">
                    <param id="0" name="X">17</param>
                    <param id="1" name="Value">61</param>
                </action>
                <action id="2" name="Set at X" sid="136196819865592" type="numerosPrimos">
                    <param id="0" name="X">18</param>
                    <param id="1" name="Value">67</param>
                </action>
                <action id="2" name="Set at X" sid="436998648200282" type="numerosPrimos">
                    <param id="0" name="X">19</param>
                    <param id="1" name="Value">71</param>
                </action>
                <action id="2" name="Set at X" sid="907029634425659" type="numerosPrimos">
                    <param id="0" name="X">20</param>
                    <param id="1" name="Value">73</param>
                </action>
                <action id="2" name="Set at X" sid="145786976382759" type="numerosPrimos">
                    <param id="0" name="X">21</param>
                    <param id="1" name="Value">79</param>
                </action>
                <action id="2" name="Set at X" sid="777121742687251" type="numerosPrimos">
                    <param id="0" name="X">22</param>
                    <param id="1" name="Value">83</param>
                </action>
                <action id="2" name="Set at X" sid="337584145160105" type="numerosPrimos">
                    <param id="0" name="X">23</param>
                    <param id="1" name="Value">89</param>
                </action>
                <action id="2" name="Set at X" sid="647340768293894" type="numerosPrimos">
                    <param id="0" name="X">24</param>
                    <param id="1" name="Value">97</param>
                </action>
                <action id="-3" name="Create object" sid="734328718603282" type="System">
                    <param id="0" name="Object to create">primos</param>
                    <param id="1" name="Layer">&quot;Gusano&quot;</param>
                    <param id="2" name="X">Bolitas.X</param>
                    <param id="3" name="Y">Bolitas.Y</param>
                </action>
                <action id="0" name="Set text" sid="781663274807395" type="primos">
                    <param id="0" name="Text">&quot;&quot;&amp;numerosPrimos.At(Floor(random(0,24)))</param>
                </action>
                <action behavior="Pin" id="0" name="Pin to object" sid="754651664787234" type="primos">
                    <param id="0" name="Pin to">Bolitas</param>
                    <param id="1" name="Mode">1</param>
                </action>
                <action id="-3" name="Create object" sid="711606513240388" type="System">
                    <param id="0" name="Object to create">noPrimos</param>
                    <param id="1" name="Layer">&quot;Gusano&quot;</param>
                    <param id="2" name="X">Bolitas2.X</param>
                    <param id="3" name="Y">Bolitas2.Y</param>
                </action>
                <action id="0" name="Set text" sid="832175969593010" type="noPrimos">
                    <param id="0" name="Text">&quot;&quot;&amp;2*(Floor(random(3,50)))</param>
                </action>
                <action behavior="Pin" id="0" name="Pin to object" sid="363212752240299" type="noPrimos">
                    <param id="0" name="Pin to">Bolitas2</param>
                    <param id="1" name="Mode">1</param>
                </action>
                <action id="-15" name="Set visible" sid="190407054806718" type="Msg1">
                    <param id="0" name="Visibility">0</param>
                </action>
                <action id="0" name="Set text" sid="431755169049171" type="Msg1">
                    <param id="0" name="Text">&quot;&quot;</param>
                </action>
            </actions>
        </event-block>
        <event-block sid="420674506517542">
            <conditions>
                <condition id="-1" name="Every tick" sid="816995558919264" type="System" />
            </conditions>
            <actions>
                <action id="-17" name="Move forward" sid="877955959520914" type="Cabeza">
                    <param id="0" name="Distance">100*dt</param>
                </action>
                <action id="-23" name="Move at angle" sid="623778298572227" type="Cabeza">
                    <param id="0" name="Angle">0</param>
                    <param id="1" name="Distance">80*dt</param>
                </action>
                <action id="-23" name="Move at angle" sid="744908862935187" type="Cabeza">
                    <param id="0" name="Angle">180</param>
                    <param id="1" name="Distance">80*dt</param>
                </action>
                <action id="-23" name="Move at angle" sid="271370513557728" type="Cabeza">
                    <param id="0" name="Angle">270</param>
                    <param id="1" name="Distance">80*dt</param>
                </action>
                <action id="-23" name="Move at angle" sid="794043647460835" type="Cabeza">
                    <param id="0" name="Angle">90</param>
                    <param id="1" name="Distance">80*dt</param>
                </action>
            </actions>
        </event-block>
        <event-block sid="235022554610531">
            <conditions>
                <condition id="-6" name="Every X seconds" sid="606194204405867" type="System">
                    <param id="0" name="Interval (seconds)">0.1</param>
                </condition>
            </conditions>
            <actions>
                <action id="0" name="Spawn another object" sid="457758350561882" type="Cabeza">
                    <param id="0" name="Object">Cuerpo</param>
                    <param id="1" name="Layer">&quot;Gusano&quot;</param>
                    <param id="2" name="Image point">0</param>
                </action>
            </actions>
        </event-block>
        <event-block sid="143338888939807">
            <conditions>
                <condition id="-18" name="On created" sid="977595528492294" type="Cuerpo" />
            </conditions>
            <actions>
                <action id="-16" name="Wait" sid="589685718652029" type="System">
                    <param id="0" name="Seconds">Cola</param>
                </action>
                <action id="-9" name="Destroy" sid="388596638680678" type="Cuerpo" />
            </actions>
        </event-block>
        <event-block sid="771201169838897">
            <conditions>
                <condition id="0" name="On collision with another object" sid="836566353796325" type="Cabeza">
                    <param id="0" name="Object">Bolitas</param>
                </condition>
            </conditions>
            <actions>
                <action id="-10" name="Add to" sid="828441198631941" type="System">
                    <param id="0" name="Variable">Puntos</param>
                    <param id="1" name="Value">10</param>
                </action>
                <action id="0" name="Set text" sid="658403876704474" type="Puntos">
                    <param id="0" name="Text">&quot;Puntaje: &quot;&amp;Puntos</param>
                </action>
                <action id="-9" name="Destroy" sid="679113363543719" type="Bolitas" />
                <action id="-9" name="Destroy" sid="260167814203467" type="Bolitas2" />
                <action id="-9" name="Destroy" sid="225762323408395" type="primos" />
                <action id="-9" name="Destroy" sid="967690157001339" type="noPrimos" />
                <action id="-10" name="Add to" sid="706232000020233" type="System">
                    <param id="0" name="Variable">Cola</param>
                    <param id="1" name="Value">1</param>
                </action>
                <action id="-16" name="Wait" sid="336241602066189" type="System">
                    <param id="0" name="Seconds">0.5</param>
                </action>
                <action id="-3" name="Create object" sid="783484554721433" type="System">
                    <param id="0" name="Object to create">Bolitas</param>
                    <param id="1" name="Layer">&quot;Gusano&quot;</param>
                    <param id="2" name="X">random(700)+50</param>
                    <param id="3" name="Y">random(400)+50</param>
                </action>
                <action id="-3" name="Create object" sid="711648123775157" type="System">
                    <param id="0" name="Object to create">Bolitas2</param>
                    <param id="1" name="Layer">&quot;Gusano&quot;</param>
                    <param id="2" name="X">random(700)+50</param>
                    <param id="3" name="Y">random(400)+50</param>
                </action>
                <action id="0" name="Spawn another object" sid="384817960682273" type="Cabeza">
                    <param id="0" name="Object">Tragar</param>
                    <param id="1" name="Layer">&quot;Gusano&quot;</param>
                    <param id="2" name="Image point">0</param>
                </action>
                <action id="-3" name="Create object" sid="659527011035534" type="System">
                    <param id="0" name="Object to create">primos</param>
                    <param id="1" name="Layer">&quot;Gusano&quot;</param>
                    <param id="2" name="X">Bolitas.X</param>
                    <param id="3" name="Y">Bolitas.Y</param>
                </action>
                <action id="0" name="Set text" sid="980877996170373" type="primos">
                    <param id="0" name="Text">&quot;&quot;&amp;numerosPrimos.At(Floor(random(0,24)))</param>
                </action>
                <action behavior="Pin" id="0" name="Pin to object" sid="739659115757373" type="primos">
                    <param id="0" name="Pin to">Bolitas</param>
                    <param id="1" name="Mode">1</param>
                </action>
                <action id="-3" name="Create object" sid="541278879160951" type="System">
                    <param id="0" name="Object to create">noPrimos</param>
                    <param id="1" name="Layer">&quot;Gusano&quot;</param>
                    <param id="2" name="X">Bolitas2.X</param>
                    <param id="3" name="Y">Bolitas2.Y</param>
                </action>
                <action id="0" name="Set text" sid="641953778882519" type="noPrimos">
                    <param id="0" name="Text">&quot;&quot;&amp;2*(Floor(random(3,50)))</param>
                </action>
                <action behavior="Pin" id="0" name="Pin to object" sid="111676091867642" type="noPrimos">
                    <param id="0" name="Pin to">Bolitas2</param>
                    <param id="1" name="Mode">1</param>
                </action>
                <action id="0" name="Set text" sid="912638542570370" type="Msg1">
                    <param id="0" name="Text">&quot;¡BIEN!&quot;</param>
                </action>
                <action id="-15" name="Set visible" sid="632702618346876" type="Msg1">
                    <param id="0" name="Visibility">1</param>
                </action>
                <action id="-16" name="Wait" sid="326965546405403" type="System">
                    <param id="0" name="Seconds">1.5</param>
                </action>
                <action id="-15" name="Set visible" sid="302753259485608" type="Msg1">
                    <param id="0" name="Visibility">0</param>
                </action>
            </actions>
        </event-block>
        <event-block sid="852424151375819">
            <conditions>
                <condition id="0" name="On collision with another object" sid="860301095394698" type="Cabeza">
                    <param id="0" name="Object">Bolitas2</param>
                </condition>
            </conditions>
            <actions>
                <action id="-11" name="Subtract from" sid="716159439156761" type="System">
                    <param id="0" name="Variable">Puntos</param>
                    <param id="1" name="Value">10</param>
                </action>
                <action id="-9" name="Destroy" sid="474532401199332" type="Bolitas2" />
                <action id="-9" name="Destroy" sid="839748524011789" type="Bolitas" />
                <action id="-9" name="Destroy" sid="289350811625709" type="primos" />
                <action id="-9" name="Destroy" sid="864610849182535" type="noPrimos" />
                <action id="-16" name="Wait" sid="335330800858450" type="System">
                    <param id="0" name="Seconds">0.5</param>
                </action>
                <action id="-3" name="Create object" sid="990983170018075" type="System">
                    <param id="0" name="Object to create">Bolitas2</param>
                    <param id="1" name="Layer">&quot;Gusano&quot;</param>
                    <param id="2" name="X">random(700)+50</param>
                    <param id="3" name="Y">random(400)+50</param>
                </action>
                <action id="-3" name="Create object" sid="602456177335776" type="System">
                    <param id="0" name="Object to create">Bolitas</param>
                    <param id="1" name="Layer">&quot;Gusano&quot;</param>
                    <param id="2" name="X">random(700)+50</param>
                    <param id="3" name="Y">random(400)+50</param>
                </action>
                <action id="-3" name="Create object" sid="363186414034104" type="System">
                    <param id="0" name="Object to create">primos</param>
                    <param id="1" name="Layer">&quot;Gusano&quot;</param>
                    <param id="2" name="X">Bolitas.X</param>
                    <param id="3" name="Y">Bolitas.Y</param>
                </action>
                <action id="0" name="Set text" sid="150360746416594" type="primos">
                    <param id="0" name="Text">&quot;&quot;&amp;numerosPrimos.At(Floor(random(0,24)))</param>
                </action>
                <action behavior="Pin" id="0" name="Pin to object" sid="989757341275813" type="primos">
                    <param id="0" name="Pin to">Bolitas</param>
                    <param id="1" name="Mode">1</param>
                </action>
                <action id="-3" name="Create object" sid="806487125798619" type="System">
                    <param id="0" name="Object to create">noPrimos</param>
                    <param id="1" name="Layer">&quot;Gusano&quot;</param>
                    <param id="2" name="X">Bolitas2.X</param>
                    <param id="3" name="Y">Bolitas2.Y</param>
                </action>
                <action id="0" name="Set text" sid="187287320048820" type="noPrimos">
                    <param id="0" name="Text">&quot;&quot;&amp;2*(Floor(random(3,50)))</param>
                </action>
                <action behavior="Pin" id="0" name="Pin to object" sid="665243383496160" type="noPrimos">
                    <param id="0" name="Pin to">Bolitas2</param>
                    <param id="1" name="Mode">1</param>
                </action>
                <action id="-15" name="Set visible" sid="325957473340416" type="Msg1">
                    <param id="0" name="Visibility">1</param>
                </action>
                <action id="0" name="Set text" sid="428999999478055" type="Msg1">
                    <param id="0" name="Text">&quot;¡NO ES PRIMO!&quot;</param>
                </action>
                <action id="-16" name="Wait" sid="793714609899367" type="System">
                    <param id="0" name="Seconds">1.5</param>
                </action>
                <action id="-15" name="Set visible" sid="916453985351121" type="Msg1">
                    <param id="0" name="Visibility">0</param>
                </action>
            </actions>
        </event-block>
        <event-block sid="210028747766255">
            <conditions>
                <condition id="1" inverted="1" name="Is overlapping another object" sid="474961787188289" type="Cuerpo">
                    <param id="0" name="Object">Cabeza</param>
                </condition>
            </conditions>
            <actions>
                <action id="-13" name="Set boolean" sid="360331593787417" type="Cuerpo">
                    <param id="0" name="Instance variable">Preparado</param>
                    <param id="1" name="Value">1</param>
                </action>
            </actions>
        </event-block>
        <event-block sid="740999595943453">
            <conditions>
                <condition id="0" name="On collision with another object" sid="763681747222804" type="Cabeza">
                    <param id="0" name="Object">Cuerpo</param>
                </condition>
                <condition id="-8" name="Is boolean instance variable set" sid="114949859509638" type="Cuerpo">
                    <param id="0" name="Instance variable">Preparado</param>
                </condition>
            </conditions>
            <actions>
                <action id="-9" name="Destroy" sid="708932374925793" type="Cabeza" />
                <action id="-15" name="Set visible" sid="424629622256373" type="Casa">
                    <param id="0" name="Visibility">1</param>
                </action>
                <action id="-15" name="Set visible" sid="959035243240188" type="Rejugar">
                    <param id="0" name="Visibility">1</param>
                </action>
                <action id="-9" name="Destroy" sid="800309858030035" type="Tragar" />
            </actions>
            <sub-events>
                <event-block sid="925392615153607">
                    <conditions>
                        <condition id="-19" name="Pick all" sid="341459724285251" type="System">
                            <param id="0" name="Object">Cuerpo</param>
                        </condition>
                    </conditions>
                    <actions>
                        <action id="-9" name="Destroy" sid="434644524195534" type="Cuerpo" />
                    </actions>
                </event-block>
                <event-block sid="944725209645746">
                    <conditions />
                    <actions>
                        <action id="0" name="Set text" sid="142750164838905" type="GameOver">
                            <param id="0" name="Text">&quot;GAME OVER&quot;&amp;newline&amp;newline&amp;Puntos&amp;&quot;  PTS &quot;</param>
                        </action>
                    </actions>
                </event-block>
            </sub-events>
        </event-block>
        <event-block sid="703443948442404">
            <conditions>
                <condition id="3" name="On touched object" sid="176701817707614" type="Touch">
                    <param id="0" name="Object">Rejugar</param>
                </condition>
                <condition id="-9" name="Is visible" sid="539815000661113" type="Rejugar" />
            </conditions>
            <actions>
                <action id="-21" name="Reset global variables" sid="724879980569789" type="System" />
                <action id="-16" name="Wait" sid="782868479326004" type="System">
                    <param id="0" name="Seconds">0.5</param>
                </action>
                <action id="-26" name="Restart layout" sid="924330824412944" type="System" />
            </actions>
        </event-block>
        <event-block sid="833037198124274">
            <conditions>
                <condition id="3" name="On touched object" sid="572882689533083" type="Touch">
                    <param id="0" name="Object">Casa</param>
                </condition>
                <condition id="-9" name="Is visible" sid="572162294250565" type="Casa" />
            </conditions>
            <actions>
                <action id="-21" name="Reset global variables" sid="364244260376292" type="System" />
                <action id="-16" name="Wait" sid="677488578776569" type="System">
                    <param id="0" name="Seconds">0.5</param>
                </action>
            </actions>
        </event-block>
        <event-block sid="901728971604099">
            <conditions>
                <condition id="-18" name="On created" sid="340626269755882" type="Tragar" />
            </conditions>
            <actions>
                <action id="-16" name="Wait" sid="486872819883983" type="System">
                    <param id="0" name="Seconds">Cola</param>
                </action>
                <action id="-9" name="Destroy" sid="136901381438077" type="Tragar" />
            </actions>
        </event-block>
    </events>
</c2eventsheet>
