﻿<?xml version="1.0" encoding="utf-8" ?>
<c2eventsheet>
    <!--All the 'name' attributes are ignored by Construct 2 - they are there for readability only.-->
    <name>Event sheet lvl2</name>
    <events>
        <event-block sid="383206064629617">
            <conditions>
                <condition behavior="Platform" id="8" name="On moved" sid="302773278628195" type="playerBlue_stand" />
            </conditions>
            <actions>
                <action id="4" name="Set animation" sid="871913710919519" type="playerBlue_stand">
                    <param id="0" name="Animation">&quot;Walk&quot;</param>
                    <param id="1" name="From">1</param>
                </action>
            </actions>
        </event-block>
        <event-block sid="506943885195190">
            <conditions>
                <condition behavior="Platform" id="7" name="On stopped" sid="416385545066159" type="playerBlue_stand" />
            </conditions>
            <actions>
                <action id="4" name="Set animation" sid="728907626116837" type="playerBlue_stand">
                    <param id="0" name="Animation">&quot;Stand&quot;</param>
                    <param id="1" name="From">1</param>
                </action>
            </actions>
        </event-block>
        <event-block sid="488866209391052">
            <conditions>
                <condition behavior="Platform" id="6" name="On fall" sid="367309979978521" type="playerBlue_stand" />
            </conditions>
            <actions>
                <action id="4" name="Set animation" sid="780080738523299" type="playerBlue_stand">
                    <param id="0" name="Animation">&quot;Fall&quot;</param>
                    <param id="1" name="From">1</param>
                </action>
            </actions>
        </event-block>
        <event-block sid="786729225625423">
            <conditions>
                <condition behavior="Platform" id="5" name="On jump" sid="681450228997821" type="playerBlue_stand" />
            </conditions>
            <actions>
                <action id="4" name="Set animation" sid="996020764897347" type="playerBlue_stand">
                    <param id="0" name="Animation">&quot;Jump&quot;</param>
                    <param id="1" name="From">1</param>
                </action>
            </actions>
        </event-block>
        <event-block sid="320982486311939">
            <conditions>
                <condition behavior="Platform" id="9" name="On landed" sid="468613684510271" type="playerBlue_stand" />
            </conditions>
            <actions>
                <action id="4" name="Set animation" sid="190829472962080" type="playerBlue_stand">
                    <param id="0" name="Animation">&quot;Stand&quot;</param>
                    <param id="1" name="From">1</param>
                </action>
            </actions>
            <sub-events>
                <event-block sid="281118798334730">
                    <conditions>
                        <condition behavior="Platform" id="0" name="Is moving" sid="740130929081552" type="playerBlue_stand" />
                    </conditions>
                    <actions>
                        <action id="4" name="Set animation" sid="158537116993139" type="playerBlue_stand">
                            <param id="0" name="Animation">&quot;Walk&quot;</param>
                            <param id="1" name="From">1</param>
                        </action>
                    </actions>
                </event-block>
                <event-block sid="747463147033918">
                    <conditions>
                        <condition behavior="Platform" id="0" inverted="1" name="Is moving" sid="140259569787590" type="playerBlue_stand" />
                    </conditions>
                    <actions>
                        <action id="4" name="Set animation" sid="710388665542408" type="playerBlue_stand">
                            <param id="0" name="Animation">&quot;Stand&quot;</param>
                            <param id="1" name="From">1</param>
                        </action>
                    </actions>
                </event-block>
            </sub-events>
        </event-block>
        <event-block sid="984862160210902">
            <conditions>
                <condition id="0" name="On key pressed" sid="244383843117544" type="Keyboard">
                    <param id="0" name="Key">37 (Left arrow)</param>
                </condition>
            </conditions>
            <actions>
                <action id="7" name="Set mirrored" sid="141198699206909" type="playerBlue_stand">
                    <param id="0" name="State">0</param>
                </action>
            </actions>
        </event-block>
        <event-block sid="784348794785764">
            <conditions>
                <condition id="0" name="On key pressed" sid="889799525182049" type="Keyboard">
                    <param id="0" name="Key">39 (Right arrow)</param>
                </condition>
            </conditions>
            <actions>
                <action id="7" name="Set mirrored" sid="616656872802518" type="playerBlue_stand">
                    <param id="0" name="State">1</param>
                </action>
            </actions>
        </event-block>
        <event-block sid="955985361310778">
            <conditions>
                <condition id="-2" name="On start of layout" sid="758836541701799" type="System" />
            </conditions>
            <actions>
                <action behavior="ScrollTo" id="1" name="Set enabled" sid="891301239180563" type="playerBlue_stand">
                    <param id="0" name="State">0</param>
                </action>
                <action id="2" name="Set at X" sid="909494666375675" type="numPrimoslvl2">
                    <param id="0" name="X">0</param>
                    <param id="1" name="Value">2</param>
                </action>
                <action id="2" name="Set at X" sid="741613903246746" type="numPrimoslvl2">
                    <param id="0" name="X">1</param>
                    <param id="1" name="Value">3</param>
                </action>
                <action id="2" name="Set at X" sid="801759982263404" type="numPrimoslvl2">
                    <param id="0" name="X">2</param>
                    <param id="1" name="Value">5</param>
                </action>
                <action id="2" name="Set at X" sid="315258974872711" type="numPrimoslvl2">
                    <param id="0" name="X">3</param>
                    <param id="1" name="Value">7</param>
                </action>
                <action id="2" name="Set at X" sid="368370844914033" type="numPrimoslvl2">
                    <param id="0" name="X">4</param>
                    <param id="1" name="Value">11</param>
                </action>
                <action id="2" name="Set at X" sid="193592111180904" type="numPrimoslvl2">
                    <param id="0" name="X">5</param>
                    <param id="1" name="Value">13</param>
                </action>
                <action id="2" name="Set at X" sid="327058529196340" type="numPrimoslvl2">
                    <param id="0" name="X">6</param>
                    <param id="1" name="Value">17</param>
                </action>
                <action id="2" name="Set at X" sid="989973166770084" type="numPrimoslvl2">
                    <param id="0" name="X">7</param>
                    <param id="1" name="Value">19</param>
                </action>
                <action id="2" name="Set at X" sid="389095958889853" type="numPrimoslvl2">
                    <param id="0" name="X">8</param>
                    <param id="1" name="Value">23</param>
                </action>
                <action id="2" name="Set at X" sid="776529347292873" type="numPrimoslvl2">
                    <param id="0" name="X">9</param>
                    <param id="1" name="Value">29</param>
                </action>
                <action id="2" name="Set at X" sid="167342751960387" type="numPrimoslvl2">
                    <param id="0" name="X">10</param>
                    <param id="1" name="Value">31</param>
                </action>
                <action id="2" name="Set at X" sid="478122671887895" type="numPrimoslvl2">
                    <param id="0" name="X">11</param>
                    <param id="1" name="Value">37</param>
                </action>
                <action id="2" name="Set at X" sid="739152917701488" type="numPrimoslvl2">
                    <param id="0" name="X">12</param>
                    <param id="1" name="Value">41</param>
                </action>
                <action id="2" name="Set at X" sid="237690228521391" type="numPrimoslvl2">
                    <param id="0" name="X">13</param>
                    <param id="1" name="Value">43</param>
                </action>
                <action id="2" name="Set at X" sid="552330604857875" type="numPrimoslvl2">
                    <param id="0" name="X">14</param>
                    <param id="1" name="Value">47</param>
                </action>
                <action id="2" name="Set at X" sid="487483700992852" type="numPrimoslvl2">
                    <param id="0" name="X">15</param>
                    <param id="1" name="Value">53</param>
                </action>
                <action id="2" name="Set at X" sid="251282121563924" type="numPrimoslvl2">
                    <param id="0" name="X">16</param>
                    <param id="1" name="Value">59</param>
                </action>
                <action id="2" name="Set at X" sid="950415078483622" type="numPrimoslvl2">
                    <param id="0" name="X">17</param>
                    <param id="1" name="Value">61</param>
                </action>
                <action id="2" name="Set at X" sid="177103519452189" type="numPrimoslvl2">
                    <param id="0" name="X">18</param>
                    <param id="1" name="Value">67</param>
                </action>
                <action id="2" name="Set at X" sid="630356297500333" type="numPrimoslvl2">
                    <param id="0" name="X">19</param>
                    <param id="1" name="Value">71</param>
                </action>
                <action id="2" name="Set at X" sid="469394147290661" type="numPrimoslvl2">
                    <param id="0" name="X">20</param>
                    <param id="1" name="Value">73</param>
                </action>
                <action id="2" name="Set at X" sid="151080546627541" type="numPrimoslvl2">
                    <param id="0" name="X">21</param>
                    <param id="1" name="Value">79</param>
                </action>
                <action id="2" name="Set at X" sid="267174814413129" type="numPrimoslvl2">
                    <param id="0" name="X">22</param>
                    <param id="1" name="Value">83</param>
                </action>
                <action id="2" name="Set at X" sid="638139389684126" type="numPrimoslvl2">
                    <param id="0" name="X">23</param>
                    <param id="1" name="Value">89</param>
                </action>
                <action id="2" name="Set at X" sid="231947218875227" type="numPrimoslvl2">
                    <param id="0" name="X">24</param>
                    <param id="1" name="Value">97</param>
                </action>
                <action id="0" name="Set text" sid="420209604284530" type="numprimT">
                    <param id="0" name="Text">&quot;&quot;&amp;numPrimoslvl2.At(Floor(random(0,24)))</param>
                </action>
                <action id="0" name="Set text" sid="683651066394319" type="noprimoT">
                    <param id="0" name="Text">&quot;&quot;&amp;2*(Floor(random(3,50)))</param>
                </action>
            </actions>
        </event-block>
        <event-block sid="995987874513271">
            <conditions>
                <condition id="-2" name="On start of layout" sid="389178683673389" type="System" />
            </conditions>
            <actions>
                <action behavior="Platform" id="11" name="Set enabled" sid="131633703580897" type="playerBlue_stand">
                    <param id="0" name="State">0</param>
                </action>
                <action id="-16" name="Wait" sid="572916530043402" type="System">
                    <param id="0" name="Seconds">1.0</param>
                </action>
                <action id="-15" name="Set visible" sid="243643837955715" type="bienvenida">
                    <param id="0" name="Visibility">1</param>
                </action>
                <action id="-15" name="Set visible" sid="781068830237324" type="ciegotext">
                    <param id="0" name="Visibility">1</param>
                </action>
                <action id="-15" name="Set visible" sid="496829565109520" type="ok">
                    <param id="0" name="Visibility">1</param>
                </action>
            </actions>
        </event-block>
        <event-block sid="862635622754259">
            <conditions>
                <condition behavior="Platform" id="0" name="Is moving" sid="993640686568986" type="playerBlue_stand" />
            </conditions>
            <actions>
                <action behavior="Bullet" id="5" name="Set enabled" sid="667857647342647" type="TiledBackground32">
                    <param id="0" name="State">1</param>
                </action>
            </actions>
        </event-block>
        <event-block sid="890143010867450">
            <conditions>
                <condition id="-3" inverted="1" name="Is on-screen" sid="811518228328568" type="playerBlue_stand" />
                <condition behavior="Bullet" id="0" name="Compare speed" sid="152742822951880" type="TiledBackground32">
                    <param id="0" name="Comparison">4</param>
                    <param id="1" name="Speed">0</param>
                </condition>
            </conditions>
            <actions>
                <action id="-16" name="Wait" sid="284334494988078" type="System">
                    <param id="0" name="Seconds">0.5</param>
                </action>
                <action id="-26" name="Restart layout" sid="656443380568121" type="System" />
            </actions>
        </event-block>
        <event-block sid="357428868519823">
            <conditions>
                <condition id="17" name="On tap object" sid="811989552879411" type="Touch">
                    <param id="0" name="Object">ok</param>
                </condition>
                <condition id="-9" name="Is visible" sid="114949519144380" type="ok" />
            </conditions>
            <actions>
                <action id="-15" name="Set visible" sid="798389564353757" type="bienvenida">
                    <param id="0" name="Visibility">0</param>
                </action>
                <action id="-15" name="Set visible" sid="598103868910624" type="ciegotext">
                    <param id="0" name="Visibility">0</param>
                </action>
                <action id="-15" name="Set visible" sid="984380205718992" type="ok">
                    <param id="0" name="Visibility">0</param>
                </action>
                <action behavior="Platform" id="11" name="Set enabled" sid="344963793126409" type="playerBlue_stand">
                    <param id="0" name="State">1</param>
                </action>
            </actions>
        </event-block>
        <event-block sid="607709316131534">
            <conditions>
                <condition id="0" name="On collision with another object" sid="897000844046523" type="playerBlue_stand">
                    <param id="0" name="Object">primoT</param>
                </condition>
            </conditions>
            <actions>
                <action id="-9" name="Destroy" sid="640551021410692" type="primoT" />
            </actions>
        </event-block>
        <event-block sid="440060736053896">
            <conditions>
                <condition id="0" name="On collision with another object" sid="802084868726347" type="playerBlue_stand">
                    <param id="0" name="Object">numprimT</param>
                </condition>
            </conditions>
            <actions>
                <action id="-9" name="Destroy" sid="288992037067327" type="numprimT" />
            </actions>
        </event-block>
        <event-block sid="253652193833012">
            <conditions>
                <condition id="0" name="On collision with another object" sid="239742329137657" type="playerBlue_stand">
                    <param id="0" name="Object">noprimoT</param>
                </condition>
            </conditions>
            <actions>
                <action id="-9" name="Destroy" sid="531354852507559" type="noprimoT" />
            </actions>
        </event-block>
    </events>
</c2eventsheet>
