﻿<?xml version="1.0" encoding="utf-8" ?>
<c2uistate>
    <!--This is a UI state file - its content describes the user interface settings when the project was last open.
It is entirely optional and the project will load without it.  If you are placing the project under source control,
you probably do not want to add any .uistate.xml files to the repository.-->
    <configurations>
        <active>
            <configuration name="HTML5" />
        </active>
        <display name="HTML5" />
    </configurations>
    <open-tabs>
        <layout order="0">lvl2</layout>
        <layout order="1">lvl3</layout>
        <event-sheet order="3">Event sheet lvl3</event-sheet>
        <event-sheet active="1" order="2">Event sheet lvl2</event-sheet>
    </open-tabs>
    <properties>
        <property expanded="1" name="About" />
        <property expanded="1" name="Project settings" />
        <property expanded="1" name="Window Size" />
        <property expanded="1" name="Configuration Settings" />
    </properties>
    <families-expanded root="1" />
    <folders-expanded>
        <folder expanded="0" path="object-folder/" />
        <folder expanded="1" path="layout-folder/" />
        <folder expanded="1" path="event-folder/" />
        <folder expanded="0" path="file-folder/" />
        <folder expanded="1" path="sound-folder/" />
        <folder expanded="1" path="music-folder/" />
        <folder expanded="0" path="file-folder/Icons/" />
        <folder expanded="1" path="animation-folder/PlayerMap/" />
        <folder expanded="1" path="animation-folder/PlayerNAVE/" />
        <folder expanded="1" path="animation-folder/Enemy/" />
        <folder expanded="1" path="animation-folder/Laser/" />
        <folder expanded="1" path="animation-folder/Enemy2/" />
        <folder expanded="1" path="animation-folder/Neutro/" />
        <folder expanded="1" path="animation-folder/Base/" />
        <folder expanded="1" path="animation-folder/CajonOpciones/" />
        <folder expanded="1" path="animation-folder/Ticket/" />
        <folder expanded="1" path="animation-folder/Montanas/" />
        <folder expanded="1" path="animation-folder/Mujer/" />
        <folder expanded="1" path="animation-folder/Hombre/" />
        <folder expanded="1" path="animation-folder/Volver/" />
        <folder expanded="1" path="animation-folder/limites/" />
        <folder expanded="1" path="animation-folder/Sprite2/" />
        <folder expanded="1" path="animation-folder/Sprite3/" />
        <folder expanded="1" path="animation-folder/Sprite4/" />
        <folder expanded="1" path="animation-folder/Sprite5/" />
        <folder expanded="1" path="animation-folder/hub/" />
        <folder expanded="1" path="animation-folder/enemylvl2/" />
        <folder expanded="1" path="animation-folder/Hero/" />
        <folder expanded="1" path="animation-folder/balalvl2/" />
        <folder expanded="1" path="animation-folder/pistola/" />
        <folder expanded="1" path="animation-folder/Sprite6/" />
        <folder expanded="1" path="animation-folder/personagem/" />
        <folder expanded="1" path="animation-folder/salir/" />
        <folder expanded="1" path="animation-folder/objetos/" />
        <folder expanded="1" path="animation-folder/lancador/" />
        <folder expanded="1" path="animation-folder/coletor_objetos/" />
        <folder expanded="1" path="animation-folder/foodNoprimo/" />
        <folder expanded="1" path="animation-folder/head/" />
        <folder expanded="1" path="animation-folder/food/" />
        <folder expanded="1" path="animation-folder/bpart/" />
        <folder expanded="1" path="animation-folder/cursor/" />
        <folder expanded="1" path="animation-folder/otro/" />
        <folder expanded="1" path="animation-folder/logito/" />
        <folder expanded="1" path="animation-folder/portal1/" />
        <folder expanded="1" path="animation-folder/portal2/" />
        <folder expanded="1" path="animation-folder/portal4/" />
        <folder expanded="1" path="animation-folder/portal3/" />
        <folder expanded="1" path="animation-folder/separador/" />
        <folder expanded="1" path="animation-folder/playerBlue_stand/" />
        <folder expanded="1" path="animation-folder/gemverde/" />
        <folder expanded="1" path="animation-folder/bienvenida/" />
        <folder expanded="1" path="animation-folder/ok/" />
        <folder expanded="1" path="animation-folder/tileBrown_/" />
        <folder expanded="1" path="animation-folder/okCiegoTalk/" />
        <folder expanded="1" path="animation-folder/ciegoTalk/" />
        <folder expanded="1" path="animation-folder/colored_forest/" />
        <folder expanded="1" path="animation-folder/windowCheckered/" />
        <folder expanded="1" path="animation-folder/colored_forest2/" />
        <folder expanded="1" path="animation-folder/tochLit/" />
        <folder expanded="1" path="animation-folder/door_openTop/" />
        <folder expanded="1" path="animation-folder/door_openMid/" />
        <folder expanded="1" path="animation-folder/primoT/" />
        <folder expanded="1" path="animation-folder/laser2/" />
        <folder expanded="1" path="animation-folder/vida/" />
        <folder expanded="1" path="animation-folder/Casa/" />
        <folder expanded="1" path="animation-folder/Rejugar/" />
        <folder expanded="1" path="animation-folder/Cabeza/" />
        <folder expanded="1" path="animation-folder/Tragar/" />
        <folder expanded="1" path="animation-folder/Bolitas2/" />
        <folder expanded="1" path="animation-folder/Cuerpo/" />
        <folder expanded="1" path="animation-folder/Bolitas/" />
        <folder expanded="1" path="animation-folder/cuadroDialogo/" />
        <folder expanded="1" path="animation-folder/verificarDialogo/" />
    </folders-expanded>
</c2uistate>
