﻿<?xml version="1.0" encoding="utf-8" ?>
<c2eventsheet>
    <!--All the 'name' attributes are ignored by Construct 2 - they are there for readability only.-->
    <name>Event sheet 2</name>
    <events>
        <variable constant="0" name="RespuestaCorrecta" sid="697744730003980" static="0" type="number">0</variable>
        <variable constant="0" name="Incorrecto" sid="716163986438329" static="0" type="number">0</variable>
        <variable constant="0" name="TurnoBoton" sid="454599655254679" static="0" type="number">1</variable>
        <variable constant="0" name="Correcto" sid="177531614504263" static="0" type="number">0</variable>
        <variable constant="0" name="x" sid="749640285305583" static="0" type="number">0</variable>
        <variable constant="0" name="Ecuacion" sid="542629292365892" static="0" type="text">X+Random</variable>
        <variable constant="0" name="Randomico" sid="643311825154200" static="0" type="number">1</variable>
        <event-block sid="904354136816504">
            <conditions>
                <condition id="2" name="Key is down" sid="173152077440653" type="Keyboard">
                    <param id="0" name="Key">90 (Z)</param>
                </condition>
                <condition id="-6" name="Every X seconds" sid="696360056585338" type="System">
                    <param id="0" name="Interval (seconds)">0.2</param>
                </condition>
                <condition id="-14" name="Compare variable" sid="168779251651995" type="System">
                    <param id="0" name="Variable">RespuestaCorrecta</param>
                    <param id="1" name="Comparison">0</param>
                    <param id="2" name="Value">1</param>
                </condition>
            </conditions>
            <actions>
                <action id="0" name="Spawn another object" sid="157350813668907" type="Hero">
                    <param id="0" name="Object">balalvl2</param>
                    <param id="1" name="Layer">0</param>
                    <param id="2" name="Image point">0</param>
                </action>
                <action id="0" name="Spawn another object" sid="152403621616475" type="pistola">
                    <param id="0" name="Object">balalvl2</param>
                    <param id="1" name="Layer">1</param>
                    <param id="2" name="Image point">1</param>
                </action>
                <action behavior="Bullet" id="3" name="Set angle of motion" sid="782554356600395" type="balalvl2">
                    <param id="0" name="Angle">0</param>
                </action>
            </actions>
            <sub-events>
                <event-block sid="436736258876762">
                    <conditions>
                        <condition id="7" name="Is mirrored" sid="730276102606978" type="Hero" />
                    </conditions>
                    <actions>
                        <action behavior="Bullet" id="3" name="Set angle of motion" sid="506234455002699" type="balalvl2">
                            <param id="0" name="Angle">-180</param>
                        </action>
                    </actions>
                </event-block>
            </sub-events>
        </event-block>
        <event-block sid="675330080845397">
            <conditions>
                <condition id="-1" name="Every tick" sid="642463061922371" type="System" />
            </conditions>
            <actions>
                <action id="-4" name="Set position to another object" sid="529085544006964" type="pistola">
                    <param id="0" name="Object">Hero</param>
                    <param id="1" name="Image point (optional)">1</param>
                </action>
                <action behavior="Pin" id="0" name="Pin to object" sid="163841141921284" type="pistola">
                    <param id="0" name="Pin to">Hero</param>
                    <param id="1" name="Mode">1</param>
                </action>
            </actions>
        </event-block>
        <event-block sid="754036675713665">
            <conditions />
            <actions />
        </event-block>
        <event-block sid="156499039980451">
            <conditions>
                <condition id="0" name="On clicked" sid="381306485535391" type="NuevaPregunta" />
            </conditions>
            <actions>
                <action id="-15" name="Set visible" sid="287209218576378" type="mensajeSeleccion">
                    <param id="0" name="Visibility">1</param>
                </action>
                <action id="-9" name="Set value" sid="503575448882632" type="System">
                    <param id="0" name="Variable">Randomico</param>
                    <param id="1" name="Value">Floor(random(1,99))</param>
                </action>
                <action id="-9" name="Set value" sid="983751073141040" type="System">
                    <param id="0" name="Variable">Ecuacion</param>
                    <param id="1" name="Value">&quot;X+&quot;&amp;Randomico</param>
                </action>
                <action id="-9" name="Set value" sid="259049042983672" type="System">
                    <param id="0" name="Variable">x</param>
                    <param id="1" name="Value">Floor(random(1,99))</param>
                </action>
                <action id="-9" name="Set value" sid="337357779499838" type="System">
                    <param id="0" name="Variable">Correcto</param>
                    <param id="1" name="Value">x</param>
                </action>
                <action id="-9" name="Set value" sid="121664555416629" type="System">
                    <param id="0" name="Variable">Incorrecto</param>
                    <param id="1" name="Value">Floor(random(9,99))</param>
                </action>
                <action id="-9" name="Set value" sid="247809154685791" type="System">
                    <param id="0" name="Variable">TurnoBoton</param>
                    <param id="1" name="Value">round(random(0,1))</param>
                </action>
                <action id="0" name="Set text" sid="575391874763259" type="TextoEcuacion">
                    <param id="0" name="Text">Ecuacion</param>
                </action>
                <action id="0" name="Set text" sid="150763045783703" type="Resultado">
                    <param id="0" name="Text">&quot;=&quot;&amp;x+Randomico</param>
                </action>
            </actions>
            <sub-events>
                <event-block sid="430293419909004">
                    <conditions>
                        <condition id="-14" name="Compare variable" sid="715862242184862" type="System">
                            <param id="0" name="Variable">TurnoBoton</param>
                            <param id="1" name="Comparison">0</param>
                            <param id="2" name="Value">0</param>
                        </condition>
                    </conditions>
                    <actions>
                        <action id="2" name="Set visible" sid="960440276512969" type="botonA">
                            <param id="0" name="Visibility">1</param>
                        </action>
                        <action id="2" name="Set visible" sid="772037936450684" type="botonB">
                            <param id="0" name="Visibility">1</param>
                        </action>
                        <action id="0" name="Set text" sid="810190228665663" type="botonA">
                            <param id="0" name="Text">&quot;X=&quot;&amp;Correcto</param>
                        </action>
                        <action id="0" name="Set text" sid="851202984897059" type="botonB">
                            <param id="0" name="Text">&quot;X=&quot;&amp;Incorrecto</param>
                        </action>
                        <action id="-13" name="Set boolean" sid="658716876551153" type="botonA">
                            <param id="0" name="Instance variable">botonCorrecto</param>
                            <param id="1" name="Value">1</param>
                        </action>
                        <action id="-13" name="Set boolean" sid="997236012582533" type="botonB">
                            <param id="0" name="Instance variable">botonCorrecto</param>
                            <param id="1" name="Value">0</param>
                        </action>
                    </actions>
                </event-block>
                <event-block sid="436139294922602">
                    <conditions>
                        <condition id="-14" name="Compare variable" sid="595649340284317" type="System">
                            <param id="0" name="Variable">TurnoBoton</param>
                            <param id="1" name="Comparison">0</param>
                            <param id="2" name="Value">1</param>
                        </condition>
                    </conditions>
                    <actions>
                        <action id="2" name="Set visible" sid="326453014303809" type="botonA">
                            <param id="0" name="Visibility">1</param>
                        </action>
                        <action id="2" name="Set visible" sid="623807315381394" type="botonB">
                            <param id="0" name="Visibility">1</param>
                        </action>
                        <action id="0" name="Set text" sid="110674131834607" type="botonA">
                            <param id="0" name="Text">&quot;X=&quot;&amp;Incorrecto</param>
                        </action>
                        <action id="0" name="Set text" sid="760483424305705" type="botonB">
                            <param id="0" name="Text">&quot;X=&quot;&amp;Correcto</param>
                        </action>
                        <action id="-13" name="Set boolean" sid="280512733682073" type="botonA">
                            <param id="0" name="Instance variable">botonCorrecto</param>
                            <param id="1" name="Value">0</param>
                        </action>
                        <action id="-13" name="Set boolean" sid="624566153719126" type="botonB">
                            <param id="0" name="Instance variable">botonCorrecto</param>
                            <param id="1" name="Value">1</param>
                        </action>
                    </actions>
                </event-block>
            </sub-events>
        </event-block>
        <event-block sid="839916776508843">
            <conditions>
                <condition id="0" name="On clicked" sid="407512766734325" type="botonA" />
            </conditions>
            <actions>
                <action id="-15" name="Set visible" sid="222439875379061" type="mensajeSeleccion">
                    <param id="0" name="Visibility">1</param>
                </action>
            </actions>
            <sub-events>
                <event-block sid="576934130133520">
                    <conditions>
                        <condition id="-8" name="Is boolean instance variable set" sid="549528743472348" type="botonA">
                            <param id="0" name="Instance variable">botonCorrecto</param>
                        </condition>
                    </conditions>
                    <actions>
                        <action id="0" name="Set text" sid="825160687888085" type="mensajeSeleccion">
                            <param id="0" name="Text">&quot;Correcto ahora puedes atacar&quot;</param>
                        </action>
                        <action id="-9" name="Set value" sid="872860005149335" type="System">
                            <param id="0" name="Variable">RespuestaCorrecta</param>
                            <param id="1" name="Value">1</param>
                        </action>
                    </actions>
                </event-block>
                <event-block sid="285632165459462">
                    <conditions>
                        <condition id="-8" name="Is boolean instance variable set" sid="518316358000013" type="botonB">
                            <param id="0" name="Instance variable">botonCorrecto</param>
                        </condition>
                    </conditions>
                    <actions>
                        <action id="0" name="Set text" sid="304356437830265" type="mensajeSeleccion">
                            <param id="0" name="Text">&quot;Incorrecto, cuidado el enemigo ahora puede atacar&quot;</param>
                        </action>
                        <action id="-9" name="Set value" sid="617774184261019" type="System">
                            <param id="0" name="Variable">RespuestaCorrecta</param>
                            <param id="1" name="Value">0</param>
                        </action>
                    </actions>
                </event-block>
            </sub-events>
        </event-block>
        <event-block sid="505562607781709">
            <conditions>
                <condition id="0" name="On clicked" sid="152519101510670" type="botonB" />
            </conditions>
            <actions>
                <action id="-15" name="Set visible" sid="488544333494369" type="mensajeSeleccion">
                    <param id="0" name="Visibility">1</param>
                </action>
            </actions>
            <sub-events>
                <event-block sid="911566584923293">
                    <conditions>
                        <condition id="-8" name="Is boolean instance variable set" sid="994387776115065" type="botonA">
                            <param id="0" name="Instance variable">botonCorrecto</param>
                        </condition>
                    </conditions>
                    <actions>
                        <action id="0" name="Set text" sid="403064488473507" type="mensajeSeleccion">
                            <param id="0" name="Text">&quot;Incorrecto, cuidado el enemigo ahora puede atacar&quot;</param>
                        </action>
                        <action id="-9" name="Set value" sid="439390024363431" type="System">
                            <param id="0" name="Variable">RespuestaCorrecta</param>
                            <param id="1" name="Value">0</param>
                        </action>
                    </actions>
                </event-block>
                <event-block sid="175866289993391">
                    <conditions>
                        <condition id="-8" name="Is boolean instance variable set" sid="431170868653171" type="botonB">
                            <param id="0" name="Instance variable">botonCorrecto</param>
                        </condition>
                    </conditions>
                    <actions>
                        <action id="0" name="Set text" sid="544451179564677" type="mensajeSeleccion">
                            <param id="0" name="Text">&quot;Correcto ahora puedes atacar&quot;</param>
                        </action>
                        <action id="-9" name="Set value" sid="579938309457173" type="System">
                            <param id="0" name="Variable">RespuestaCorrecta</param>
                            <param id="1" name="Value">1</param>
                        </action>
                    </actions>
                </event-block>
            </sub-events>
        </event-block>
        <event-block sid="779292616003765">
            <conditions>
                <condition id="2" name="Key is down" sid="499949645360043" type="Keyboard">
                    <param id="0" name="Key">37 (Left arrow)</param>
                </condition>
            </conditions>
            <actions>
                <action id="7" name="Set mirrored" sid="224874250935051" type="Hero">
                    <param id="0" name="State">0</param>
                </action>
                <action id="7" name="Set mirrored" sid="116848983659943" type="pistola">
                    <param id="0" name="State">0</param>
                </action>
            </actions>
        </event-block>
        <event-block sid="116312351294906">
            <conditions>
                <condition id="2" name="Key is down" sid="618928010397668" type="Keyboard">
                    <param id="0" name="Key">39 (Right arrow)</param>
                </condition>
            </conditions>
            <actions>
                <action id="7" name="Set mirrored" sid="888318978165824" type="Hero">
                    <param id="0" name="State">1</param>
                </action>
                <action id="7" name="Set mirrored" sid="624810060035105" type="pistola">
                    <param id="0" name="State">1</param>
                </action>
            </actions>
        </event-block>
        <event-block sid="163544260520150">
            <conditions>
                <condition behavior="Platform" id="0" name="Is moving" sid="976987502527152" type="Hero" />
                <condition behavior="Platform" id="2" name="Is on floor" sid="866847849005971" type="Hero" />
            </conditions>
            <actions>
                <action id="4" name="Set animation" sid="335329319540023" type="Hero">
                    <param id="0" name="Animation">&quot;caminando&quot;</param>
                    <param id="1" name="From">1</param>
                </action>
            </actions>
        </event-block>
        <event-block sid="374999508147804">
            <conditions>
                <condition id="-22" name="Else" sid="626367231053854" type="System" />
            </conditions>
            <actions>
                <action id="4" name="Set animation" sid="864761399124480" type="Hero">
                    <param id="0" name="Animation">&quot;default&quot;</param>
                    <param id="1" name="From">1</param>
                </action>
            </actions>
        </event-block>
        <event-block sid="939959107081649">
            <conditions>
                <condition behavior="Platform" id="3" name="Is jumping" sid="111433032061399" type="Hero" />
            </conditions>
            <actions>
                <action id="5" name="Set frame" sid="345000697173524" type="Hero">
                    <param id="0" name="Frame number">1</param>
                </action>
            </actions>
        </event-block>
        <event-block sid="360566565073153">
            <conditions>
                <condition behavior="Platform" id="9" name="On landed" sid="237649882809129" type="Hero" />
            </conditions>
            <actions>
                <action id="5" name="Set frame" sid="916092019478629" type="Hero">
                    <param id="0" name="Frame number">0</param>
                </action>
            </actions>
        </event-block>
        <event-block sid="543148338367020">
            <conditions>
                <condition id="6" name="On object clicked" sid="624502259945665" type="Mouse">
                    <param id="0" name="Mouse button">0</param>
                    <param id="1" name="Click type">0</param>
                    <param id="2" name="Object clicked">Volver</param>
                </condition>
            </conditions>
            <actions>
                <action id="-2" name="Go to layout" sid="715663222878453" type="System">
                    <param id="0" name="Layout">Mapa</param>
                </action>
            </actions>
        </event-block>
    </events>
</c2eventsheet>
