﻿<?xml version="1.0" encoding="utf-8" ?>
<c2eventsheet>
    <!--All the 'name' attributes are ignored by Construct 2 - they are there for readability only.-->
    <name>Event sheet Pantalla bienvenida</name>
    <events>
        <event-block sid="846067814026714">
            <conditions>
                <condition id="0" name="On key pressed" sid="489056810460667" type="Keyboard">
                    <param id="0" name="Key">13 (Return)</param>
                </condition>
            </conditions>
            <actions>
                <action id="-2" name="Go to layout" sid="204214355276488" type="System">
                    <param id="0" name="Layout">Mapa</param>
                </action>
                <action id="0" name="Set text" sid="494777019774616" type="PPrincipal">
                    <param id="0" name="Text">&quot;Cargando...&quot;</param>
                </action>
            </actions>
        </event-block>
        <event-block sid="231374686793329">
            <conditions>
                <condition id="-6" name="Every X seconds" sid="721212328565297" type="System">
                    <param id="0" name="Interval (seconds)">0.8</param>
                </condition>
            </conditions>
            <actions>
                <action id="-15" name="Set visible" sid="344717350439927" type="PPrincipal">
                    <param id="0" name="Visibility">0</param>
                </action>
            </actions>
        </event-block>
        <event-block sid="648772481939347">
            <conditions>
                <condition id="-6" name="Every X seconds" sid="549513359906671" type="System">
                    <param id="0" name="Interval (seconds)">1.0</param>
                </condition>
            </conditions>
            <actions>
                <action id="-15" name="Set visible" sid="586703675203601" type="PPrincipal">
                    <param id="0" name="Visibility">1</param>
                </action>
            </actions>
        </event-block>
    </events>
</c2eventsheet>
