﻿<?xml version="1.0" encoding="utf-8" ?>
<c2eventsheet>
    <!--All the 'name' attributes are ignored by Construct 2 - they are there for readability only.-->
    <name>Event sheet Mapa</name>
    <events>
        <event-block sid="610432241271039">
            <conditions>
                <condition id="1" name="Is overlapping another object" sid="395764959958256" type="PlayerMap">
                    <param id="0" name="Object">Portal_lvl1</param>
                </condition>
                <condition id="-8" name="Is boolean instance variable set" sid="822556003978363" type="PlayerMap">
                    <param id="0" name="Instance variable">flagPlayer</param>
                </condition>
            </conditions>
            <actions>
                <action id="0" name="Set text" sid="116213497243984" type="Enter_Portal">
                    <param id="0" name="Text">&quot;Presiona enter para ingresar al nivel 1&quot;</param>
                </action>
            </actions>
            <sub-events>
                <event-block sid="335035295135683">
                    <conditions>
                        <condition id="0" name="On key pressed" sid="869925683421569" type="Keyboard">
                            <param id="0" name="Key">13 (Return)</param>
                        </condition>
                    </conditions>
                    <actions>
                        <action id="-2" name="Go to layout" sid="304811020744387" type="System">
                            <param id="0" name="Layout">lvl1</param>
                        </action>
                    </actions>
                </event-block>
            </sub-events>
        </event-block>
        <event-block sid="241889597565154">
            <conditions>
                <condition id="1" name="Is overlapping another object" sid="148671691703947" type="PlayerMap">
                    <param id="0" name="Object">Base</param>
                </condition>
            </conditions>
            <actions>
                <action id="0" name="Set text" sid="552440825790433" type="Enter_Portal">
                    <param id="0" name="Text">&quot;Presiona Enter para entrar a la base&quot;</param>
                </action>
            </actions>
            <sub-events>
                <event-block sid="165691411297141">
                    <conditions>
                        <condition id="0" name="On key pressed" sid="262946728237735" type="Keyboard">
                            <param id="0" name="Key">13 (Return)</param>
                        </condition>
                    </conditions>
                    <actions>
                        <action id="2" name="Set visible" sid="632647711828050" type="ListaEtapas">
                            <param id="0" name="Visibility">1</param>
                        </action>
                        <action id="-15" name="Set visible" sid="267393906530670" type="CajonOpciones">
                            <param id="0" name="Visibility">1</param>
                        </action>
                        <action id="-15" name="Set visible" sid="203047181003742" type="Ticket">
                            <param id="0" name="Visibility">1</param>
                        </action>
                        <action id="-15" name="Set visible" sid="947382257840388" type="Contenidos">
                            <param id="0" name="Visibility">1</param>
                        </action>
                        <action id="-13" name="Set boolean" sid="554983006555483" type="PlayerMap">
                            <param id="0" name="Instance variable">flagPlayer</param>
                            <param id="1" name="Value">0</param>
                        </action>
                        <action id="0" name="Set text" sid="901480342187363" type="Enter_Portal">
                            <param id="0" name="Text">&quot;Presiona Enter para elegir &#x0D;&#x0A;una etapa y obtener información&quot;</param>
                        </action>
                    </actions>
                </event-block>
            </sub-events>
        </event-block>
        <event-block sid="933018470496205">
            <conditions>
                <condition id="6" name="On object clicked" sid="225356950226769" type="Mouse">
                    <param id="0" name="Mouse button">0</param>
                    <param id="1" name="Click type">0</param>
                    <param id="2" name="Object clicked">Ticket</param>
                </condition>
            </conditions>
            <actions>
                <action id="5" name="Set frame" sid="148525757716106" type="Ticket">
                    <param id="0" name="Frame number">1</param>
                </action>
                <action id="2" name="Set visible" sid="310590781358007" type="ListaEtapas">
                    <param id="0" name="Visibility">0</param>
                </action>
                <action id="-15" name="Set visible" sid="887830859692893" type="CajonOpciones">
                    <param id="0" name="Visibility">0</param>
                </action>
                <action id="-15" name="Set visible" sid="530299725634248" type="Contenidos">
                    <param id="0" name="Visibility">0</param>
                </action>
                <action id="-15" name="Set visible" sid="397066709141336" type="Ticket">
                    <param id="0" name="Visibility">0</param>
                </action>
                <action id="-13" name="Set boolean" sid="460758583106411" type="PlayerMap">
                    <param id="0" name="Instance variable">flagPlayer</param>
                    <param id="1" name="Value">1</param>
                </action>
            </actions>
        </event-block>
        <event-block sid="194423449731556">
            <conditions>
                <condition id="1" name="Is overlapping another object" sid="893476148920472" type="PlayerMap">
                    <param id="0" name="Object">snake</param>
                </condition>
                <condition id="-8" name="Is boolean instance variable set" sid="941068730858422" type="PlayerMap">
                    <param id="0" name="Instance variable">flagPlayer</param>
                </condition>
            </conditions>
            <actions>
                <action id="0" name="Set text" sid="856916311925282" type="Enter_Portal">
                    <param id="0" name="Text">&quot;Presiona enter para ingresar al nivel 2&quot;</param>
                </action>
            </actions>
            <sub-events>
                <event-block sid="994695828598727">
                    <conditions>
                        <condition id="0" name="On key pressed" sid="222862800454228" type="Keyboard">
                            <param id="0" name="Key">13 (Return)</param>
                        </condition>
                    </conditions>
                    <actions>
                        <action id="-2" name="Go to layout" sid="441789409543427" type="System">
                            <param id="0" name="Layout">lvl2</param>
                        </action>
                    </actions>
                </event-block>
            </sub-events>
        </event-block>
    </events>
</c2eventsheet>
