﻿<?xml version="1.0" encoding="utf-8" ?>
<c2eventsheet>
    <!--All the 'name' attributes are ignored by Construct 2 - they are there for readability only.-->
    <name>Event sheet 1</name>
    <events>
        <variable constant="0" name="RandomEnemy2" sid="201314136257774" static="0" type="number">0</variable>
        <variable constant="0" name="Desacierto" sid="554365960430995" static="0" type="number">0</variable>
        <variable constant="0" name="Acierto" sid="757891218831085" static="0" type="number">0</variable>
        <variable constant="0" name="Boton" sid="391087767538854" static="0" type="number">0</variable>
        <variable constant="0" name="Multiplo" sid="229859870302087" static="0" type="text"></variable>
        <variable constant="0" name="RandomicoLuksic" sid="452658742786628" static="0" type="number">1</variable>
        <variable constant="0" name="Factor" sid="572445975120301" static="0" type="number">5</variable>
        <event-block sid="707606666843884">
            <conditions>
                <condition id="-1" name="Every tick" sid="766173281970040" type="System" />
            </conditions>
            <actions>
                <action id="-1" name="Set X" sid="242377472232271" type="PlayerNAVE">
                    <param id="0" name="X">Mouse.X</param>
                </action>
                <action id="-2" name="Set Y" sid="633253654218348" type="Laser">
                    <param id="0" name="Y">Self.Y-10</param>
                </action>
                <action id="-2" name="Set Y" sid="531009629829229" type="Enemy">
                    <param id="0" name="Y">Self.Y+2</param>
                </action>
                <action id="-2" name="Set Y" sid="309404718935037" type="Enemy2">
                    <param id="0" name="Y">Self.Y+2</param>
                </action>
                <action id="-2" name="Set Y" sid="929551504755673" type="Neutro">
                    <param id="0" name="Y">Self.Y+2</param>
                </action>
                <action id="0" name="Set text" sid="738936266514066" type="ImprimirAciertos">
                    <param id="0" name="Text">&quot;Aciertos: &quot;&amp;Acierto</param>
                </action>
                <action id="0" name="Set text" sid="357017721164052" type="ImprimirDesaciertos">
                    <param id="0" name="Text">&quot;Desaciertos: &quot;&amp;Desacierto</param>
                </action>
            </actions>
        </event-block>
        <event-block sid="164503001287031">
            <conditions>
                <condition id="2" name="Key is down" sid="745883618194359" type="Keyboard">
                    <param id="0" name="Key">90 (Z)</param>
                </condition>
            </conditions>
            <actions>
                <action id="-3" name="Create object" sid="336765608918241" type="System">
                    <param id="0" name="Object to create">Laser</param>
                    <param id="1" name="Layer">0</param>
                    <param id="2" name="X">PlayerNAVE.X-10</param>
                    <param id="3" name="Y">PlayerNAVE.Y-60</param>
                </action>
                <action id="-3" name="Create object" sid="232649583081354" type="System">
                    <param id="0" name="Object to create">Laser</param>
                    <param id="1" name="Layer">0</param>
                    <param id="2" name="X">PlayerNAVE.X+10</param>
                    <param id="3" name="Y">PlayerNave.Y-60</param>
                </action>
            </actions>
        </event-block>
        <event-block sid="284826688277945">
            <conditions>
                <condition id="-4" name="Is outside layout" sid="968395912324197" type="Laser" />
            </conditions>
            <actions>
                <action id="-9" name="Destroy" sid="253085143550867" type="Laser" />
            </actions>
        </event-block>
        <event-block sid="461756750075690">
            <conditions>
                <condition id="-14" name="Compare variable" sid="164573501121469" type="System">
                    <param id="0" name="Variable">Boton</param>
                    <param id="1" name="Comparison">0</param>
                    <param id="2" name="Value">1</param>
                </condition>
            </conditions>
            <actions>
                <action id="2" name="Set visible" sid="825369652890854" type="Comenzar">
                    <param id="0" name="Visibility">0</param>
                </action>
            </actions>
            <sub-events>
                <event-block sid="577949049067907">
                    <conditions>
                        <condition id="-6" name="Every X seconds" sid="859671259839957" type="System">
                            <param id="0" name="Interval (seconds)">3.0</param>
                        </condition>
                    </conditions>
                    <actions>
                        <action id="-3" name="Create object" sid="480326075998882" type="System">
                            <param id="0" name="Object to create">Enemy</param>
                            <param id="1" name="Layer">0</param>
                            <param id="2" name="X">random(WindowWidth)</param>
                            <param id="3" name="Y">-50</param>
                        </action>
                        <action id="-13" name="Set boolean" sid="811597895436902" type="Enemy">
                            <param id="0" name="Instance variable">Estado</param>
                            <param id="1" name="Value">1</param>
                        </action>
                    </actions>
                </event-block>
                <event-block sid="856592556674264">
                    <conditions>
                        <condition id="-6" name="Every X seconds" sid="978561845157023" type="System">
                            <param id="0" name="Interval (seconds)">3.1</param>
                        </condition>
                    </conditions>
                    <actions>
                        <action id="-3" name="Create object" sid="539374543400643" type="System">
                            <param id="0" name="Object to create">Enemy2</param>
                            <param id="1" name="Layer">0</param>
                            <param id="2" name="X">random(WindowWidth)</param>
                            <param id="3" name="Y">-50</param>
                        </action>
                        <action id="-13" name="Set boolean" sid="847807603253360" type="Enemy2">
                            <param id="0" name="Instance variable">Estado</param>
                            <param id="1" name="Value">1</param>
                        </action>
                    </actions>
                </event-block>
                <event-block sid="469556322746470">
                    <conditions>
                        <condition id="-6" name="Every X seconds" sid="539877054467942" type="System">
                            <param id="0" name="Interval (seconds)">1.5</param>
                        </condition>
                    </conditions>
                    <actions>
                        <action id="-3" name="Create object" sid="591421953074555" type="System">
                            <param id="0" name="Object to create">Neutro</param>
                            <param id="1" name="Layer">0</param>
                            <param id="2" name="X">random(WindowWidth)</param>
                            <param id="3" name="Y">-50</param>
                        </action>
                    </actions>
                </event-block>
            </sub-events>
        </event-block>
        <event-block sid="772912491581671">
            <conditions>
                <condition id="0" name="On collision with another object" sid="455676892900444" type="Laser">
                    <param id="0" name="Object">Enemy</param>
                </condition>
            </conditions>
            <actions>
                <action id="-9" name="Destroy" sid="363594635676964" type="Correcto" />
                <action id="-9" name="Destroy" sid="142745408610525" type="Laser" />
                <action id="-9" name="Destroy" sid="888197057577142" type="Enemy" />
                <action id="-10" name="Add to" sid="945529713200300" type="System">
                    <param id="0" name="Variable">Acierto</param>
                    <param id="1" name="Value">1</param>
                </action>
            </actions>
        </event-block>
        <event-block sid="254164845298414">
            <conditions>
                <condition id="0" name="On collision with another object" sid="523907473648524" type="Enemy">
                    <param id="0" name="Object">Enemy</param>
                </condition>
            </conditions>
            <actions>
                <action id="-9" name="Destroy" sid="593467086130726" type="Enemy" />
            </actions>
        </event-block>
        <event-block sid="308137502017528">
            <conditions>
                <condition id="0" name="On collision with another object" sid="590645122590325" type="Enemy">
                    <param id="0" name="Object">PlayerNAVE</param>
                </condition>
            </conditions>
            <actions>
                <action id="-9" name="Destroy" sid="907755471402934" type="Enemy" />
                <action id="5" name="Set frame" sid="142683676891398" type="Enemy">
                    <param id="0" name="Frame number">4</param>
                </action>
                <action id="-9" name="Destroy" sid="661434268670749" type="Correcto" />
            </actions>
        </event-block>
        <event-block sid="244345749279806">
            <conditions>
                <condition id="-8" name="Is boolean instance variable set" sid="420673990325998" type="Enemy">
                    <param id="0" name="Instance variable">Estado</param>
                </condition>
            </conditions>
            <actions>
                <action id="-9" name="Set value" sid="849261447683230" type="System">
                    <param id="0" name="Variable">RandomicoLuksic</param>
                    <param id="1" name="Value">Floor(random(1,10))</param>
                </action>
                <action id="-9" name="Set value" sid="926810124989943" type="System">
                    <param id="0" name="Variable">Multiplo</param>
                    <param id="1" name="Value">Factor*RandomicoLuksic</param>
                </action>
                <action id="-3" name="Create object" sid="161266607829145" type="System">
                    <param id="0" name="Object to create">Correcto</param>
                    <param id="1" name="Layer">0</param>
                    <param id="2" name="X">Enemy.X</param>
                    <param id="3" name="Y">Enemy.Y</param>
                </action>
                <action behavior="Pin" id="0" name="Pin to object" sid="697972684105167" type="Correcto">
                    <param id="0" name="Pin to">Enemy</param>
                    <param id="1" name="Mode">1</param>
                </action>
                <action id="0" name="Set text" sid="116641353128344" type="Correcto">
                    <param id="0" name="Text">&quot;&quot;&amp;Multiplo</param>
                </action>
                <action id="-13" name="Set boolean" sid="939226943100479" type="Enemy">
                    <param id="0" name="Instance variable">Estado</param>
                    <param id="1" name="Value">0</param>
                </action>
            </actions>
        </event-block>
        <event-block sid="231782885639057">
            <conditions>
                <condition id="0" name="On collision with another object" sid="707462662296660" type="Laser">
                    <param id="0" name="Object">Enemy2</param>
                </condition>
            </conditions>
            <actions>
                <action id="-9" name="Destroy" sid="486521771794361" type="Incorrecto" />
                <action id="-9" name="Destroy" sid="394292449366209" type="Laser" />
                <action id="-9" name="Destroy" sid="478062846619075" type="Enemy2" />
                <action id="-10" name="Add to" sid="869017738176189" type="System">
                    <param id="0" name="Variable">Desacierto</param>
                    <param id="1" name="Value">1</param>
                </action>
            </actions>
        </event-block>
        <event-block sid="610305367647367">
            <conditions>
                <condition id="0" name="On collision with another object" sid="256840744130574" type="Laser">
                    <param id="0" name="Object">Neutro</param>
                </condition>
            </conditions>
            <actions>
                <action id="-9" name="Destroy" sid="639867819643322" type="Neutro" />
                <action id="-9" name="Destroy" sid="668113770091692" type="Laser" />
            </actions>
        </event-block>
        <event-block sid="472257044096533">
            <conditions>
                <condition id="-8" name="Is boolean instance variable set" sid="121572014774378" type="Enemy2">
                    <param id="0" name="Instance variable">Estado</param>
                </condition>
            </conditions>
            <actions>
                <action id="-3" name="Create object" sid="744747540364313" type="System">
                    <param id="0" name="Object to create">Incorrecto</param>
                    <param id="1" name="Layer">0</param>
                    <param id="2" name="X">Enemy2.X</param>
                    <param id="3" name="Y">Enemy2.Y</param>
                </action>
                <action id="-9" name="Set value" sid="782921980285752" type="System">
                    <param id="0" name="Variable">RandomEnemy2</param>
                    <param id="1" name="Value">floor(random(1,4))* floor(random(6,9))</param>
                </action>
                <action behavior="Pin" id="0" name="Pin to object" sid="909107733579971" type="Incorrecto">
                    <param id="0" name="Pin to">Enemy2</param>
                    <param id="1" name="Mode">1</param>
                </action>
                <action id="0" name="Set text" sid="993530306478303" type="Incorrecto">
                    <param id="0" name="Text">&quot;&quot;&amp;RandomEnemy2 </param>
                </action>
                <action id="-13" name="Set boolean" sid="587054185739879" type="Enemy2">
                    <param id="0" name="Instance variable">Estado</param>
                    <param id="1" name="Value">0</param>
                </action>
            </actions>
        </event-block>
        <event-block sid="559420615405212">
            <conditions>
                <condition id="-2" name="On start of layout" sid="499830283824818" type="System" />
            </conditions>
            <actions>
                <action id="0" name="Set text" sid="686675919984084" type="CuadroDeDialogo">
                    <param id="0" name="Text">&quot;Los enemigos utilizan camuflaje&#x0D;&#x0A;¡de multiplos!, &#x0D;&#x0A;identifica los multiplos de 5&#x0D;&#x0A; y ¡destruyelos!&#x0D;&#x0A;&#x0D;&#x0A;Presiona comenzar&quot;</param>
                </action>
            </actions>
        </event-block>
        <event-block sid="259309904102716">
            <conditions>
                <condition id="0" name="On clicked" sid="837047269289776" type="Comenzar" />
            </conditions>
            <actions>
                <action id="-9" name="Set value" sid="153640287710806" type="System">
                    <param id="0" name="Variable">Boton</param>
                    <param id="1" name="Value">1</param>
                </action>
                <action id="-15" name="Set visible" sid="632643399314211" type="CuadroDeDialogo">
                    <param id="0" name="Visibility">0</param>
                </action>
            </actions>
        </event-block>
        <event-block sid="673275258167100">
            <conditions>
                <condition id="0" name="On collision with another object" sid="960860349559611" type="Neutro">
                    <param id="0" name="Object">PlayerNAVE</param>
                </condition>
            </conditions>
            <actions>
                <action id="0" name="Set text" sid="886081568808485" type="CuadroDeDialogo">
                    <param id="0" name="Text">&quot;Game Over :c&quot;</param>
                </action>
                <action id="-15" name="Set visible" sid="134948662631533" type="CuadroDeDialogo">
                    <param id="0" name="Visibility">1</param>
                </action>
                <action id="-9" name="Destroy" sid="810891775652170" type="Neutro" />
                <action id="-9" name="Destroy" sid="305467467755397" type="PlayerNAVE" />
            </actions>
        </event-block>
        <event-block sid="663258537617373">
            <conditions>
                <condition id="6" name="On object clicked" sid="754585274717908" type="Mouse">
                    <param id="0" name="Mouse button">0</param>
                    <param id="1" name="Click type">0</param>
                    <param id="2" name="Object clicked">Volver</param>
                </condition>
            </conditions>
            <actions>
                <action id="-2" name="Go to layout" sid="105392763864890" type="System">
                    <param id="0" name="Layout">Mapa</param>
                </action>
            </actions>
            <sub-events>
                <event-block sid="825839062014189">
                    <conditions>
                        <condition id="-14" name="Compare variable" sid="664451765848930" type="System">
                            <param id="0" name="Variable">Boton</param>
                            <param id="1" name="Comparison">0</param>
                            <param id="2" name="Value">1</param>
                        </condition>
                    </conditions>
                    <actions>
                        <action id="-9" name="Set value" sid="685490161653114" type="System">
                            <param id="0" name="Variable">Boton</param>
                            <param id="1" name="Value">0</param>
                        </action>
                        <action id="2" name="Set visible" sid="836597952659746" type="Comenzar">
                            <param id="0" name="Visibility">1</param>
                        </action>
                    </actions>
                </event-block>
            </sub-events>
        </event-block>
    </events>
</c2eventsheet>
